Timestamp,Temperature(°C),Weather,Occupancy,Appliance_Usage(kWh),Smart_Lighting(kWh),Thermostat_Setting(°C),Energy_Consumption(kWh),Peak_Hours,Alert,Hour,DayOfWeek,IsWeekend
2025-01-01 00:00:00,20.04,Cloudy,0.0,1.13,0.66,20.0,4.0,0.0,Normal,0,0,0
2025-01-01 01:00:00,22.4,Sunny,0.0,1.98,0.52,21.0,5.44,0.0,Normal,1,0,0
2025-01-01 02:00:00,22.0,Sunny,0.0,2.13,0.5,22.0,5.45,0.0,Normal,2,0,0
2025-01-01 03:00:00,21.63,Cloudy,1.0,1.64,0.29,22.0,4.8,0.0,Normal,3,0,0
2025-01-01 04:00:00,21.24,Cloudy,0.0,2.08,0.47,21.0,4.02,0.0,Normal,4,0,0
2025-01-01 05:00:00,23.92,Sunny,1.0,0.99,0.41,23.0,3.29,0.0,Normal,5,0,0
2025-01-01 06:00:00,22.23,Windy,0.0,2.77,0.79,23.0,4.67,1.0,Normal,6,0,0
2025-01-01 07:00:00,22.85,Cloudy,1.0,2.3,0.13,24.0,6.31,1.0,Normal,7,0,0
2025-01-01 08:00:00,26.89,Cloudy,3.0,2.28,0.24,23.0,6.67,1.0,Normal,8,0,0
2025-01-01 09:00:00,24.44,Sunny,4.0,2.17,0.3,23.0,6.86,1.0,Normal,9,0,0
2025-01-01 10:00:00,22.85,Sunny,1.0,2.17,0.2,23.0,4.64,0.0,Normal,10,0,0
2025-01-01 11:00:00,22.2,Cloudy,0.0,1.96,0.21,23.0,4.18,0.0,Normal,11,0,0
2025-01-01 12:00:00,24.75,Sunny,1.0,2.1,0.28,23.0,4.25,0.0,Normal,12,0,0
2025-01-01 13:00:00,22.74,Sunny,0.0,1.48,0.27,23.0,4.63,0.0,Normal,13,0,0
2025-01-01 14:00:00,25.84,Sunny,0.0,1.64,0.07,24.0,4.945,0.0,Normal,14,0,0
2025-01-01 15:00:00,25.27,Cloudy,2.0,1.75,0.05,24.0,4.45,0.0,Normal,15,0,0
2025-01-01 16:00:00,25.99,Sunny,1.0,1.65,0.23,24.0,3.13,0.0,Normal,16,0,0
2025-01-01 17:00:00,25.24,Sunny,2.0,2.2,0.31,23.0,5.56,0.0,High Usage,17,0,0
2025-01-01 18:00:00,24.16,Cloudy,3.0,1.91,0.3,24.0,5.93,1.0,Normal,18,0,0
2025-01-01 19:00:00,25.74,Cloudy,1.0,2.08,0.35,26.0,6.61,1.0,Normal,19,0,0
2025-01-01 20:00:00,24.66,Cloudy,1.0,2.85,0.06,25.0,5.94,1.0,Normal,20,0,0
2025-01-01 21:00:00,23.53,Rainy,1.0,2.15,0.11,24.0,6.68,1.0,Normal,21,0,0
2025-01-01 22:00:00,23.86,Cloudy,0.0,1.73,0.29,23.0,4.67,1.0,Normal,22,0,0
2025-01-01 23:00:00,19.87,Cloudy,0.0,1.82,0.5,22.0,3.27,0.0,Normal,23,0,0
2025-01-02 00:00:00,23.12,Cloudy,0.0,1.9,0.43,21.0,3.51,0.0,Normal,0,1,0
2025-01-02 01:00:00,23.98,Sunny,1.0,2.34,0.81,23.0,4.945,0.0,Normal,1,1,0
2025-01-02 02:00:00,23.56,Sunny,0.0,2.08,0.76,22.0,4.57,0.0,Normal,2,1,0
2025-01-02 03:00:00,22.34,Sunny,1.0,0.65,0.47,20.0,4.07,0.0,Normal,3,1,0
2025-01-02 04:00:00,22.89,Sunny,1.0,2.35,0.79,23.0,5.22,0.0,High Usage,4,1,0
2025-01-02 05:00:00,20.33,Sunny,0.0,1.83,0.49,21.0,4.03,0.0,Normal,5,1,0
2025-01-02 06:00:00,21.95,Sunny,0.0,1.87,0.69,22.0,4.14,1.0,Normal,6,1,0
2025-01-02 07:00:00,23.28,Sunny,3.0,2.38,0.2,24.0,6.34,1.0,Normal,7,1,0
2025-01-02 08:00:00,24.48,Sunny,1.0,2.27,0.2,24.0,5.33,1.0,Normal,8,1,0
2025-01-02 09:00:00,23.59,Cloudy,3.0,2.37,0.25,23.0,7.18,1.0,High Usage,9,1,0
2025-01-02 10:00:00,24.95,Sunny,3.0,1.91,0.23,25.0,5.34,0.0,High Usage,10,1,0
2025-01-02 11:00:00,25.22,Sunny,1.0,1.56,0.29,24.0,3.0,0.0,Normal,11,1,0
2025-01-02 12:00:00,22.32,Sunny,3.0,1.78,0.08,23.0,3.56,0.0,Normal,12,1,0
2025-01-02 13:00:00,25.49,Rainy,3.0,1.58,0.12,24.0,4.88,0.0,Normal,13,1,0
2025-01-02 14:00:00,22.66,Windy,0.0,1.36,0.13,23.0,3.08,0.0,Normal,14,1,0
2025-01-02 15:00:00,23.78,Cloudy,3.0,2.03,0.13,24.0,4.945,0.0,Normal,15,1,0
2025-01-02 16:00:00,26.05,Cloudy,3.0,1.58,0.29,24.0,4.79,0.0,Normal,16,1,0
2025-01-02 17:00:00,25.91,Sunny,1.0,1.73,0.09,25.0,4.55,0.0,Normal,17,1,0
2025-01-02 18:00:00,21.9,Sunny,3.0,1.85,0.07,23.0,6.54,1.0,Normal,18,1,0
2025-01-02 19:00:00,24.53,Sunny,4.0,2.91,0.21,23.0,8.49,1.0,High Usage,19,1,0
2025-01-02 20:00:00,24.41,Rainy,4.0,2.43,0.13,24.0,7.22,1.0,High Usage,20,1,0
2025-01-02 21:00:00,23.23,Sunny,1.0,2.05,0.33,24.0,6.72,1.0,Normal,21,1,0
2025-01-02 22:00:00,23.69,Cloudy,1.0,2.52,0.71,22.0,5.8,1.0,Normal,22,1,0
2025-01-02 23:00:00,20.73,Windy,1.0,1.58,0.49,22.0,3.36,0.0,Normal,23,1,0
2025-01-03 00:00:00,23.55,Cloudy,0.0,1.74,0.6,22.0,4.28,0.0,Normal,0,2,0
2025-01-03 01:00:00,21.92,Cloudy,1.0,1.34,0.45,23.0,4.38,0.0,Normal,1,2,0
2025-01-03 02:00:00,19.53,Sunny,0.0,1.91,0.62,21.0,4.13,0.0,Normal,2,2,0
2025-01-03 03:00:00,21.61,Rainy,1.0,1.55,0.41,22.0,4.54,0.0,Normal,3,2,0
2025-01-03 04:00:00,21.69,Cloudy,1.0,1.48,0.44,22.0,5.03,0.0,High Usage,4,2,0
2025-01-03 05:00:00,24.16,Sunny,2.0,1.92,0.73,23.0,4.945,0.0,High Usage,5,2,0
2025-01-03 06:00:00,21.86,Sunny,0.0,1.88,0.64,22.0,5.3,1.0,Normal,6,2,0
2025-01-03 07:00:00,24.99,Sunny,3.0,1.86,0.17,25.0,5.81,1.0,Normal,7,2,0
2025-01-03 08:00:00,22.96,Sunny,3.0,1.72,0.1,23.0,6.98,1.0,High Usage,8,2,0
2025-01-03 09:00:00,24.1,Cloudy,4.0,2.35,0.24,25.0,7.56,1.0,High Usage,9,2,0
2025-01-03 10:00:00,24.16,Rainy,1.0,1.28,0.27,23.0,4.93,0.0,High Usage,10,2,0
2025-01-03 11:00:00,24.67,Cloudy,1.0,1.77,0.24,25.0,4.945,0.0,Normal,11,2,0
2025-01-03 12:00:00,24.76,Cloudy,3.0,1.77,0.07,23.0,4.33,0.0,Normal,12,2,0
2025-01-03 13:00:00,24.05,Cloudy,3.0,1.87,0.2,23.0,6.01,0.0,High Usage,13,2,0
2025-01-03 14:00:00,23.45,Cloudy,0.0,1.53,0.28,24.0,3.75,0.0,Normal,14,2,0
2025-01-03 15:00:00,23.75,Cloudy,1.0,2.13,0.17,23.0,4.6,0.0,Normal,15,2,0
2025-01-03 16:00:00,26.97,Rainy,1.0,1.6,0.13,24.0,4.72,0.0,Normal,16,2,0
2025-01-03 17:00:00,23.66,Sunny,3.0,2.0,0.14,24.0,5.17,0.0,High Usage,17,2,0
2025-01-03 18:00:00,26.06,Sunny,4.0,1.96,0.12,25.0,5.81,1.0,Normal,18,2,0
2025-01-03 19:00:00,25.06,Sunny,1.0,1.69,0.31,24.0,4.17,1.0,Normal,19,2,0
2025-01-03 20:00:00,23.93,Sunny,4.0,2.18,0.23,23.0,7.16,1.0,High Usage,20,2,0
2025-01-03 21:00:00,22.59,Cloudy,3.0,2.15,0.28,23.0,6.75,1.0,Normal,21,2,0
2025-01-03 22:00:00,23.82,Sunny,0.0,1.91,0.51,22.0,5.62,1.0,Normal,22,2,0
2025-01-03 23:00:00,21.25,Rainy,0.0,1.25,0.35,22.0,3.79,0.0,Normal,23,2,0
2025-01-04 00:00:00,23.79,Cloudy,0.0,1.78,0.66,22.0,3.29,0.0,Normal,0,3,0
2025-01-04 01:00:00,21.42,Cloudy,0.0,1.98,0.71,21.0,3.63,0.0,Normal,1,3,0
2025-01-04 02:00:00,21.22,Sunny,0.0,1.83,0.58,21.0,2.92,0.0,Normal,2,3,0
2025-01-04 03:00:00,22.28,Cloudy,0.0,2.22,0.64,22.0,3.73,0.0,Normal,3,3,0
2025-01-04 04:00:00,23.23,Cloudy,0.0,1.71,0.58,23.0,4.945,0.0,Normal,4,3,0
2025-01-04 05:00:00,24.25,Sunny,0.0,1.83,0.39,22.0,3.67,0.0,Normal,5,3,0
2025-01-04 06:00:00,23.28,Sunny,1.0,2.4,0.83,23.0,5.29,1.0,Normal,6,3,0
2025-01-04 07:00:00,23.19,Cloudy,3.0,2.63,0.18,24.0,7.27,1.0,High Usage,7,3,0
2025-01-04 08:00:00,24.15,Sunny,2.0,1.65,0.22,24.0,6.05,1.0,Normal,8,3,0
2025-01-04 09:00:00,26.46,Cloudy,3.0,2.07,0.27,25.0,6.01,1.0,Normal,9,3,0
2025-01-04 10:00:00,24.24,Cloudy,4.0,1.29,0.22,24.0,5.07,0.0,High Usage,10,3,0
2025-01-04 11:00:00,23.91,Sunny,0.0,2.26,0.05,24.0,3.7,0.0,Normal,11,3,0
2025-01-04 12:00:00,20.58,Rainy,1.0,1.38,0.08,23.0,4.18,0.0,Normal,12,3,0
2025-01-04 13:00:00,25.91,Rainy,2.0,2.13,0.28,24.0,4.98,0.0,Normal,13,3,0
2025-01-04 14:00:00,24.7,Sunny,2.0,1.89,0.29,24.0,3.43,0.0,Normal,14,3,0
2025-01-04 15:00:00,23.6,Sunny,1.0,2.52,0.12,23.0,5.09,0.0,Normal,15,3,0
2025-01-04 16:00:00,23.71,Sunny,1.0,1.82,0.15,24.0,4.49,0.0,Normal,16,3,0
2025-01-04 17:00:00,22.82,Sunny,1.0,1.35,0.21,23.0,4.32,0.0,Normal,17,3,0
2025-01-04 18:00:00,23.55,Cloudy,4.0,2.03,0.31,25.0,6.16,1.0,Normal,18,3,0
2025-01-04 19:00:00,25.43,Windy,2.0,2.37,0.11,23.0,7.29,1.0,High Usage,19,3,0
2025-01-04 20:00:00,25.31,Sunny,1.0,2.7,0.31,24.0,6.04,1.0,Normal,20,3,0
2025-01-04 21:00:00,23.55,Rainy,2.0,1.72,0.11,24.0,5.84,1.0,Normal,21,3,0
2025-01-04 22:00:00,24.05,Cloudy,0.0,1.93,0.66,23.0,4.56,1.0,Normal,22,3,0
2025-01-04 23:00:00,23.03,Cloudy,0.0,2.11,0.59,21.0,3.75,0.0,Normal,23,3,0
2025-01-05 00:00:00,23.9,Sunny,0.0,1.76,0.54,21.0,4.43,0.0,Normal,0,4,0
2025-01-05 01:00:00,22.04,Sunny,1.0,1.54,0.8,22.0,3.85,0.0,Normal,1,4,0
2025-01-05 02:00:00,24.28,Sunny,0.0,2.13,0.4,23.0,4.27,0.0,Normal,2,4,0
2025-01-05 03:00:00,25.62,Sunny,1.0,1.9,0.44,23.0,5.1,0.0,Normal,3,4,0
2025-01-05 04:00:00,22.03,Cloudy,2.0,1.68,0.76,22.0,6.19,0.0,High Usage,4,4,0
2025-01-05 05:00:00,22.0,Cloudy,2.0,1.51,0.29,22.0,4.66,0.0,Normal,5,4,0
2025-01-05 06:00:00,23.56,Sunny,2.0,2.14,0.29,24.0,6.75,1.0,High Usage,6,4,0
2025-01-05 07:00:00,25.7,Sunny,1.0,1.68,0.09,25.0,5.55,0.0,Normal,7,4,0
2025-01-05 08:00:00,22.31,Sunny,4.0,2.5,0.35,23.0,7.96,1.0,High Usage,8,4,0
2025-01-05 09:00:00,26.02,Cloudy,1.0,1.91,0.24,25.0,5.67,1.0,Normal,9,4,0
2025-01-05 10:00:00,23.58,Rainy,1.0,1.81,0.25,24.0,4.57,0.0,Normal,10,4,0
2025-01-05 11:00:00,23.92,Cloudy,0.0,1.8,0.1,23.0,3.57,0.0,Normal,11,4,0
2025-01-05 12:00:00,24.95,Rainy,1.0,1.89,0.18,25.0,4.59,0.0,Normal,12,4,0
2025-01-05 13:00:00,22.69,Sunny,0.0,2.3,0.24,23.0,3.48,0.0,Normal,13,4,0
2025-01-05 14:00:00,24.35,Sunny,3.0,1.17,0.07,24.0,4.6,0.0,Normal,14,4,0
2025-01-05 15:00:00,24.51,Sunny,1.0,1.63,0.29,23.0,4.21,0.0,Normal,15,4,0
2025-01-05 16:00:00,26.8,Sunny,1.0,1.3,0.16,26.0,4.15,0.0,Normal,16,4,0
2025-01-05 17:00:00,20.18,Rainy,1.0,1.36,0.29,22.0,3.88,0.0,Normal,17,4,0
2025-01-05 18:00:00,23.55,Sunny,4.0,2.7,0.19,26.0,6.3,1.0,Normal,18,4,0
2025-01-05 19:00:00,27.25,Cloudy,3.0,1.91,0.23,25.0,5.68,1.0,Normal,19,4,0
2025-01-05 20:00:00,24.77,Cloudy,2.0,2.56,0.23,24.0,6.56,1.0,Normal,20,4,0
2025-01-05 21:00:00,22.14,Cloudy,1.0,2.52,0.31,24.0,5.54,1.0,Normal,21,4,0
2025-01-05 22:00:00,23.38,Sunny,0.0,2.02,0.51,23.0,4.93,1.0,Normal,22,4,0
2025-01-05 23:00:00,20.1,Windy,0.0,1.8,0.77,21.0,4.57,0.0,Normal,23,4,0
2025-01-06 00:00:00,22.89,Rainy,1.0,1.39,0.43,22.0,3.82,0.0,Normal,0,5,1
2025-01-06 01:00:00,22.88,Sunny,0.0,1.65,0.55,22.0,3.64,0.0,Normal,1,5,1
2025-01-06 02:00:00,21.36,Sunny,0.0,1.58,0.87,21.0,3.99,0.0,Normal,2,5,1
2025-01-06 03:00:00,22.37,Cloudy,2.0,2.06,0.78,23.0,5.22,0.0,Normal,3,5,1
2025-01-06 04:00:00,23.55,Rainy,0.0,2.04,0.83,21.0,4.04,0.0,Normal,4,5,1
2025-01-06 05:00:00,20.94,Windy,0.0,1.91,0.29,22.0,4.06,0.0,Normal,5,5,1
2025-01-06 06:00:00,24.09,Sunny,0.0,2.14,0.7,24.0,5.28,1.0,Normal,6,5,1
2025-01-06 07:00:00,25.3,Cloudy,1.0,2.3,0.26,25.0,8.07,1.0,High Usage,7,5,1
2025-01-06 08:00:00,23.37,Rainy,4.0,1.94,0.29,24.0,6.12,1.0,Normal,8,5,1
2025-01-06 09:00:00,23.97,Sunny,2.0,2.45,0.21,23.0,6.55,1.0,Normal,9,5,1
2025-01-06 10:00:00,24.8,Cloudy,0.0,1.81,0.24,23.0,3.54,0.0,Normal,10,5,1
2025-01-06 11:00:00,24.81,Sunny,3.0,1.53,0.3,23.0,5.36,0.0,High Usage,11,5,1
2025-01-06 12:00:00,24.3,Cloudy,1.0,2.43,0.27,26.0,3.99,0.0,Normal,12,5,1
2025-01-06 13:00:00,21.29,Rainy,2.0,1.39,0.21,23.0,4.79,0.0,Normal,13,5,1
2025-01-06 14:00:00,23.03,Windy,2.0,1.77,0.15,23.0,3.99,0.0,Normal,14,5,1
2025-01-06 15:00:00,22.62,Sunny,2.0,1.9,0.09,23.0,4.78,0.0,Normal,15,5,1
2025-01-06 16:00:00,22.62,Sunny,4.0,1.76,0.28,22.0,5.94,0.0,High Usage,16,5,1
2025-01-06 17:00:00,24.48,Sunny,1.0,1.66,0.12,22.0,5.17,0.0,Normal,17,5,1
2025-01-06 18:00:00,27.24,Cloudy,2.0,2.02,0.19,25.0,5.36,1.0,Normal,18,5,1
2025-01-06 19:00:00,23.99,Cloudy,3.0,1.64,0.2,25.0,5.76,1.0,Normal,19,5,1
2025-01-06 20:00:00,23.55,Sunny,1.0,1.94,0.29,23.0,6.44,1.0,Normal,20,5,1
2025-01-06 21:00:00,24.85,Sunny,4.0,2.24,0.16,25.0,7.01,1.0,Normal,21,5,1
2025-01-06 22:00:00,21.35,Rainy,1.0,2.61,0.75,22.0,6.41,1.0,High Usage,22,5,1
2025-01-06 23:00:00,21.87,Cloudy,2.0,1.4,0.88,21.0,6.3,0.0,High Usage,23,5,1
2025-01-07 00:00:00,21.75,Cloudy,1.0,1.75,0.62,22.0,4.13,0.0,Normal,0,6,1
2025-01-07 01:00:00,23.44,Rainy,0.0,1.74,0.39,23.0,4.35,0.0,Normal,1,6,1
2025-01-07 02:00:00,22.79,Cloudy,2.0,0.94,0.6,22.0,4.74,0.0,Normal,2,6,1
2025-01-07 03:00:00,23.55,Sunny,0.0,1.42,0.65,23.0,4.28,0.0,Normal,3,6,1
2025-01-07 04:00:00,21.73,Cloudy,2.0,1.8,0.47,22.0,4.21,0.0,Normal,4,6,1
2025-01-07 05:00:00,21.27,Rainy,0.0,1.77,0.67,21.0,4.78,0.0,Normal,5,6,1
2025-01-07 06:00:00,21.51,Sunny,0.0,1.69,0.43,22.0,5.2,1.0,Normal,6,6,1
2025-01-07 07:00:00,24.82,Rainy,4.0,2.54,0.28,25.0,7.26,1.0,High Usage,7,6,1
2025-01-07 08:00:00,25.03,Sunny,2.0,2.09,0.35,23.0,5.92,1.0,Normal,8,6,1
2025-01-07 09:00:00,25.48,Sunny,4.0,2.38,0.26,24.0,8.06,1.0,High Usage,9,6,1
2025-01-07 10:00:00,22.5,Cloudy,2.0,1.79,0.13,24.0,4.91,0.0,Normal,10,6,1
2025-01-07 11:00:00,23.96,Sunny,0.0,2.19,0.29,22.0,4.31,0.0,Normal,11,6,1
2025-01-07 12:00:00,24.41,Cloudy,2.0,1.96,0.29,24.0,5.1,0.0,Normal,12,6,1
2025-01-07 13:00:00,24.25,Rainy,3.0,1.73,0.27,25.0,4.945,0.0,High Usage,13,6,1
2025-01-07 14:00:00,25.82,Cloudy,1.0,1.62,0.22,24.0,4.59,0.0,Normal,14,6,1
2025-01-07 15:00:00,22.79,Sunny,1.0,2.55,0.3,22.0,4.95,0.0,Normal,15,6,1
2025-01-07 16:00:00,21.87,Sunny,2.0,1.77,0.17,23.0,4.77,0.0,Normal,16,6,1
2025-01-07 17:00:00,21.24,Rainy,1.0,2.38,0.06,23.0,5.46,0.0,High Usage,17,6,1
2025-01-07 18:00:00,24.29,Cloudy,2.0,2.15,0.32,24.0,5.05,1.0,Normal,18,6,1
2025-01-07 19:00:00,24.54,Sunny,0.0,2.42,0.24,24.0,5.12,1.0,Normal,19,6,1
2025-01-07 20:00:00,24.77,Cloudy,1.0,2.29,0.34,24.0,6.1,1.0,Normal,20,6,1
2025-01-07 21:00:00,24.12,Rainy,4.0,1.37,0.24,25.0,5.64,1.0,Normal,21,6,1
2025-01-07 22:00:00,21.53,Sunny,0.0,1.97,0.54,22.0,4.3,1.0,Normal,22,6,1
2025-01-07 23:00:00,23.63,Rainy,0.0,1.76,0.85,23.0,4.96,0.0,High Usage,23,6,1
2025-01-08 00:00:00,21.71,Rainy,0.0,2.57,0.87,23.0,4.55,0.0,Normal,0,0,0
2025-01-08 01:00:00,19.86,Cloudy,0.0,1.88,0.8,22.0,5.01,0.0,High Usage,1,0,0
2025-01-08 02:00:00,22.79,Rainy,0.0,1.38,0.47,22.0,2.67,0.0,Normal,2,0,0
2025-01-08 03:00:00,23.72,Sunny,0.0,1.57,0.62,22.0,5.32,0.0,High Usage,3,0,0
2025-01-08 04:00:00,22.05,Rainy,0.0,1.27,0.49,23.0,4.945,0.0,Normal,4,0,0
2025-01-08 05:00:00,20.07,Rainy,0.0,1.8,0.79,21.0,3.9,0.0,Normal,5,0,0
2025-01-08 06:00:00,24.08,Rainy,1.0,2.37,0.45,24.0,6.71,1.0,High Usage,6,0,0
2025-01-08 07:00:00,25.89,Sunny,2.0,1.96,0.26,24.0,6.56,1.0,Normal,7,0,0
2025-01-08 08:00:00,23.16,Sunny,4.0,2.77,0.27,24.0,8.0,1.0,High Usage,8,0,0
2025-01-08 09:00:00,26.35,Sunny,4.0,2.87,0.29,24.0,7.51,1.0,High Usage,9,0,0
2025-01-08 10:00:00,23.55,Sunny,2.0,1.57,0.23,25.0,4.43,0.0,Normal,10,0,0
2025-01-08 11:00:00,23.07,Sunny,2.0,1.99,0.24,24.0,4.67,0.0,Normal,11,0,0
2025-01-08 12:00:00,20.34,Cloudy,1.0,2.31,0.27,22.0,4.945,0.0,Normal,12,0,0
2025-01-08 13:00:00,23.51,Sunny,1.0,1.42,0.08,23.0,4.49,0.0,Normal,13,0,0
2025-01-08 14:00:00,25.26,Sunny,1.0,1.49,0.18,24.0,3.41,0.0,Normal,14,0,0
2025-01-08 15:00:00,21.1,Rainy,4.0,0.96,0.18,23.0,4.6,0.0,Normal,15,0,0
2025-01-08 16:00:00,23.54,Cloudy,1.0,2.33,0.16,24.0,5.0,0.0,Normal,16,0,0
2025-01-08 17:00:00,21.27,Rainy,1.0,1.57,0.21,22.0,4.01,0.0,Normal,17,0,0
2025-01-08 18:00:00,24.39,Sunny,1.0,2.4,0.08,25.0,6.3,1.0,Normal,18,0,0
2025-01-08 19:00:00,23.49,Cloudy,2.0,2.58,0.13,23.0,5.66,1.0,Normal,19,0,0
2025-01-08 20:00:00,25.28,Windy,4.0,2.79,0.34,24.0,7.21,1.0,High Usage,20,0,0
2025-01-08 21:00:00,26.04,Cloudy,4.0,2.64,0.06,25.0,7.35,1.0,High Usage,21,0,0
2025-01-08 22:00:00,25.66,Sunny,0.0,2.01,0.42,23.0,5.03,1.0,Normal,22,0,0
2025-01-08 23:00:00,24.76,Cloudy,0.0,2.15,0.58,23.0,4.24,0.0,Normal,23,0,0
2025-01-09 00:00:00,19.72,Sunny,1.0,2.03,0.57,21.0,5.19,0.0,High Usage,0,1,0
2025-01-09 01:00:00,23.5,Cloudy,0.0,1.46,0.73,23.0,3.73,0.0,Normal,1,1,0
2025-01-09 02:00:00,24.17,Sunny,0.0,1.54,0.8,22.0,3.94,0.0,Normal,2,1,0
2025-01-09 03:00:00,23.04,Cloudy,3.0,2.1,0.73,22.0,5.54,0.0,High Usage,3,1,0
2025-01-09 04:00:00,21.71,Sunny,0.0,1.49,0.43,22.0,4.88,0.0,Normal,4,1,0
2025-01-09 05:00:00,21.33,Cloudy,0.0,1.32,0.53,22.0,3.74,0.0,Normal,5,1,0
2025-01-09 06:00:00,23.59,Cloudy,1.0,2.25,0.53,23.0,5.38,0.0,Normal,6,1,0
2025-01-09 07:00:00,25.77,Sunny,1.0,2.06,0.19,24.0,6.07,1.0,Normal,7,1,0
2025-01-09 08:00:00,22.68,Cloudy,4.0,2.32,0.3,24.0,8.18,1.0,High Usage,8,1,0
2025-01-09 09:00:00,23.55,Sunny,3.0,2.33,0.19,25.0,6.54,1.0,Normal,9,1,0
2025-01-09 10:00:00,23.59,Cloudy,1.0,1.23,0.1,23.0,3.98,0.0,Normal,10,1,0
2025-01-09 11:00:00,24.85,Windy,1.0,1.15,0.13,24.0,3.71,0.0,Normal,11,1,0
2025-01-09 12:00:00,24.59,Rainy,4.0,0.94,0.06,24.0,5.16,0.0,High Usage,12,1,0
2025-01-09 13:00:00,23.55,Cloudy,2.0,1.28,0.27,24.0,4.42,0.0,Normal,13,1,0
2025-01-09 14:00:00,24.29,Sunny,3.0,1.6,0.17,24.0,5.51,0.0,Normal,14,1,0
2025-01-09 15:00:00,23.55,Cloudy,2.0,1.7,0.1,23.0,5.28,0.0,High Usage,15,1,0
2025-01-09 16:00:00,19.95,Cloudy,2.0,1.84,0.33,23.0,4.62,0.0,Normal,16,1,0
2025-01-09 17:00:00,25.21,Sunny,0.0,2.08,0.29,24.0,3.26,0.0,Normal,17,1,0
2025-01-09 18:00:00,24.84,Sunny,0.0,2.85,0.09,25.0,5.25,1.0,Normal,18,1,0
2025-01-09 19:00:00,23.55,Cloudy,3.0,1.74,0.16,23.0,5.47,1.0,Normal,19,1,0
2025-01-09 20:00:00,24.17,Sunny,2.0,2.67,0.17,24.0,6.36,1.0,Normal,20,1,0
2025-01-09 21:00:00,24.49,Rainy,4.0,3.09,0.33,24.0,7.55,1.0,High Usage,21,1,0
2025-01-09 22:00:00,24.12,Sunny,1.0,2.28,0.44,23.0,5.13,1.0,Normal,22,1,0
2025-01-09 23:00:00,22.84,Cloudy,1.0,1.91,0.6,23.0,5.0,0.0,High Usage,23,1,0
2025-01-10 00:00:00,22.58,Sunny,0.0,0.98,0.45,24.0,3.9,0.0,Normal,0,2,0
2025-01-10 01:00:00,20.61,Sunny,1.0,1.27,0.64,22.0,4.31,0.0,Normal,1,2,0
2025-01-10 02:00:00,22.5,Rainy,1.0,1.57,0.55,23.0,3.0,0.0,Normal,2,2,0
2025-01-10 03:00:00,23.91,Sunny,1.0,1.59,0.67,23.0,4.945,0.0,Normal,3,2,0
2025-01-10 04:00:00,20.56,Sunny,1.0,1.92,0.89,22.0,4.86,0.0,Normal,4,2,0
2025-01-10 05:00:00,22.15,Windy,0.0,1.72,0.47,22.0,3.26,0.0,Normal,5,2,0
2025-01-10 06:00:00,21.99,Sunny,2.0,1.98,0.69,22.0,7.01,1.0,High Usage,6,2,0
2025-01-10 07:00:00,23.98,Rainy,4.0,1.93,0.28,24.0,6.99,1.0,Normal,7,2,0
2025-01-10 08:00:00,22.71,Rainy,3.0,2.48,0.1,25.0,6.91,1.0,High Usage,8,2,0
2025-01-10 09:00:00,26.33,Sunny,3.0,1.98,0.29,25.0,6.36,1.0,Normal,9,2,0
2025-01-10 10:00:00,21.66,Cloudy,0.0,2.23,0.1,22.0,4.35,0.0,Normal,10,2,0
2025-01-10 11:00:00,25.33,Cloudy,1.0,1.69,0.1,24.0,3.34,0.0,Normal,11,2,0
2025-01-10 12:00:00,24.79,Sunny,3.0,1.71,0.18,24.0,4.71,0.0,Normal,12,2,0
2025-01-10 13:00:00,22.88,Sunny,3.0,2.22,0.09,23.0,5.44,0.0,High Usage,13,2,0
2025-01-10 14:00:00,27.15,Sunny,0.0,1.95,0.34,24.0,4.07,0.0,Normal,14,2,0
2025-01-10 15:00:00,22.75,Sunny,1.0,1.23,0.19,23.0,3.27,0.0,Normal,15,2,0
2025-01-10 16:00:00,24.32,Sunny,3.0,1.86,0.08,24.0,5.32,0.0,Normal,16,2,0
2025-01-10 17:00:00,26.01,Rainy,0.0,1.75,0.16,23.0,4.11,0.0,Normal,17,2,0
2025-01-10 18:00:00,23.14,Rainy,4.0,1.95,0.29,24.0,6.56,1.0,Normal,18,2,0
2025-01-10 19:00:00,26.48,Sunny,3.0,2.13,0.15,24.0,6.97,1.0,High Usage,19,2,0
2025-01-10 20:00:00,23.4,Sunny,2.0,2.08,0.31,23.0,6.34,1.0,Normal,20,2,0
2025-01-10 21:00:00,23.65,Windy,2.0,1.91,0.06,24.0,5.19,1.0,Normal,21,2,0
2025-01-10 22:00:00,23.06,Cloudy,0.0,1.91,0.38,23.0,6.13,1.0,High Usage,22,2,0
2025-01-10 23:00:00,23.34,Cloudy,0.0,2.03,0.43,22.0,4.3,0.0,Normal,23,2,0
2025-01-11 00:00:00,20.84,Sunny,0.0,1.88,0.29,22.0,4.67,0.0,Normal,0,3,0
2025-01-11 01:00:00,18.42,Cloudy,2.0,1.66,0.29,22.0,6.52,0.0,High Usage,1,3,0
2025-01-11 02:00:00,22.15,Windy,0.0,1.49,0.61,22.0,3.86,0.0,Normal,2,3,0
2025-01-11 03:00:00,22.67,Sunny,1.0,1.64,0.41,22.0,4.42,0.0,Normal,3,3,0
2025-01-11 04:00:00,21.39,Sunny,0.0,1.38,0.43,22.0,3.85,0.0,Normal,4,3,0
2025-01-11 05:00:00,22.18,Cloudy,0.0,1.76,0.52,23.0,3.83,0.0,Normal,5,3,0
2025-01-11 06:00:00,21.73,Windy,0.0,1.77,0.65,23.0,4.16,1.0,Normal,6,3,0
2025-01-11 07:00:00,21.73,Sunny,3.0,2.2,0.34,24.0,7.02,0.0,High Usage,7,3,0
2025-01-11 08:00:00,24.14,Rainy,1.0,2.52,0.22,23.0,5.64,1.0,Normal,8,3,0
2025-01-11 09:00:00,25.07,Rainy,2.0,2.14,0.19,24.0,6.41,1.0,Normal,9,3,0
2025-01-11 10:00:00,24.58,Sunny,0.0,1.43,0.21,23.0,3.6,0.0,Normal,10,3,0
2025-01-11 11:00:00,24.33,Sunny,0.0,1.52,0.28,23.0,4.9,0.0,High Usage,11,3,0
2025-01-11 12:00:00,23.55,Cloudy,0.0,1.85,0.08,24.0,4.55,0.0,Normal,12,3,0
2025-01-11 13:00:00,25.38,Sunny,1.0,1.53,0.13,25.0,4.22,0.0,Normal,13,3,0
2025-01-11 14:00:00,24.81,Sunny,1.0,2.46,0.26,23.0,4.52,0.0,Normal,14,3,0
2025-01-11 15:00:00,22.64,Windy,1.0,2.24,0.06,22.0,4.59,0.0,Normal,15,3,0
2025-01-11 16:00:00,23.45,Cloudy,2.0,1.77,0.31,23.0,5.16,0.0,Normal,16,3,0
2025-01-11 17:00:00,22.64,Rainy,0.0,1.56,0.23,24.0,3.79,0.0,Normal,17,3,0
2025-01-11 18:00:00,25.65,Sunny,2.0,1.61,0.33,25.0,5.59,0.0,Normal,18,3,0
2025-01-11 19:00:00,25.23,Sunny,1.0,2.76,0.17,24.0,5.87,0.0,Normal,19,3,0
2025-01-11 20:00:00,23.6,Cloudy,4.0,2.55,0.27,24.0,7.88,1.0,High Usage,20,3,0
2025-01-11 21:00:00,24.62,Sunny,4.0,1.93,0.2,25.0,6.39,1.0,Normal,21,3,0
2025-01-11 22:00:00,23.5,Windy,1.0,2.57,0.59,23.0,6.48,1.0,High Usage,22,3,0
2025-01-11 23:00:00,23.88,Sunny,0.0,1.57,0.51,22.0,3.87,0.0,Normal,23,3,0
2025-01-12 00:00:00,21.87,Sunny,4.0,1.5,0.5,22.0,4.945,0.0,High Usage,0,4,0
2025-01-12 01:00:00,21.23,Sunny,0.0,1.42,0.65,23.0,2.67,0.0,Normal,1,4,0
2025-01-12 02:00:00,23.24,Sunny,1.0,1.68,0.76,23.0,3.8,0.0,Normal,2,4,0
2025-01-12 03:00:00,22.05,Sunny,1.0,1.02,0.89,21.0,3.57,0.0,Normal,3,4,0
2025-01-12 04:00:00,19.82,Sunny,1.0,2.15,0.67,21.0,4.46,0.0,Normal,4,4,0
2025-01-12 05:00:00,21.63,Cloudy,2.0,1.76,0.46,22.0,4.88,0.0,Normal,5,4,0
2025-01-12 06:00:00,22.08,Sunny,2.0,2.17,0.8,24.0,5.39,0.0,Normal,6,4,0
2025-01-12 07:00:00,24.28,Sunny,4.0,2.62,0.16,24.0,7.31,1.0,High Usage,7,4,0
2025-01-12 08:00:00,24.96,Sunny,1.0,2.25,0.31,24.0,4.52,1.0,Normal,8,4,0
2025-01-12 09:00:00,25.14,Sunny,4.0,2.5,0.22,24.0,7.89,1.0,High Usage,9,4,0
2025-01-12 10:00:00,24.77,Cloudy,2.0,1.74,0.3,24.0,4.05,0.0,Normal,10,4,0
2025-01-12 11:00:00,22.39,Sunny,2.0,1.49,0.07,23.0,4.86,0.0,Normal,11,4,0
2025-01-12 12:00:00,26.53,Cloudy,1.0,2.44,0.25,25.0,3.94,0.0,Normal,12,4,0
2025-01-12 13:00:00,21.7,Sunny,1.0,1.6,0.06,23.0,4.43,0.0,Normal,13,4,0
2025-01-12 14:00:00,24.4,Cloudy,1.0,1.91,0.31,24.0,3.67,0.0,Normal,14,4,0
2025-01-12 15:00:00,25.26,Sunny,2.0,1.72,0.16,25.0,4.39,0.0,Normal,15,4,0
2025-01-12 16:00:00,23.55,Rainy,2.0,2.1,0.22,23.0,4.75,0.0,Normal,16,4,0
2025-01-12 17:00:00,24.23,Sunny,2.0,1.93,0.3,23.0,5.26,0.0,High Usage,17,4,0
2025-01-12 18:00:00,25.1,Sunny,3.0,1.94,0.27,25.0,6.4,1.0,Normal,18,4,0
2025-01-12 19:00:00,21.93,Rainy,2.0,2.07,0.27,24.0,5.48,1.0,Normal,19,4,0
2025-01-12 20:00:00,22.63,Sunny,2.0,2.06,0.05,24.0,5.08,1.0,Normal,20,4,0
2025-01-12 21:00:00,24.94,Cloudy,2.0,2.75,0.23,24.0,7.19,1.0,High Usage,21,4,0
2025-01-12 22:00:00,22.3,Windy,1.0,1.8,0.7,22.0,4.71,1.0,Normal,22,4,0
2025-01-12 23:00:00,20.21,Sunny,0.0,1.67,0.87,23.0,4.96,0.0,High Usage,23,4,0
2025-01-13 00:00:00,23.07,Cloudy,0.0,1.91,0.51,21.0,3.74,0.0,Normal,0,5,1
2025-01-13 01:00:00,23.61,Windy,0.0,1.62,0.54,22.0,3.82,0.0,Normal,1,5,1
2025-01-13 02:00:00,23.17,Sunny,0.0,1.57,0.67,22.0,4.17,0.0,Normal,2,5,1
2025-01-13 03:00:00,20.63,Rainy,0.0,1.63,0.79,21.0,4.4,0.0,Normal,3,5,1
2025-01-13 04:00:00,20.89,Sunny,1.0,1.61,0.8,22.0,4.1,0.0,Normal,4,5,1
2025-01-13 05:00:00,22.82,Rainy,2.0,1.54,0.65,23.0,4.38,0.0,Normal,5,5,1
2025-01-13 06:00:00,23.41,Sunny,0.0,1.87,0.57,23.0,4.17,1.0,Normal,6,5,1
2025-01-13 07:00:00,27.74,Sunny,1.0,2.35,0.08,25.0,5.53,1.0,Normal,7,5,1
2025-01-13 08:00:00,24.27,Rainy,1.0,1.95,0.23,24.0,6.59,1.0,Normal,8,5,1
2025-01-13 09:00:00,24.67,Rainy,3.0,2.28,0.19,25.0,6.76,1.0,Normal,9,5,1
2025-01-13 10:00:00,25.29,Sunny,0.0,1.81,0.27,24.0,4.02,0.0,Normal,10,5,1
2025-01-13 11:00:00,24.56,Cloudy,1.0,1.38,0.22,23.0,4.945,0.0,Normal,11,5,1
2025-01-13 12:00:00,23.03,Sunny,1.0,2.4,0.09,23.0,4.9,0.0,Normal,12,5,1
2025-01-13 13:00:00,24.28,Cloudy,2.0,1.58,0.33,24.0,4.79,0.0,Normal,13,5,1
2025-01-13 14:00:00,24.72,Sunny,1.0,1.62,0.29,24.0,4.945,0.0,Normal,14,5,1
2025-01-13 15:00:00,25.33,Sunny,0.0,2.1,0.29,24.0,4.69,0.0,Normal,15,5,1
2025-01-13 16:00:00,25.83,Sunny,3.0,1.89,0.18,24.0,5.66,0.0,High Usage,16,5,1
2025-01-13 17:00:00,22.35,Rainy,1.0,1.46,0.29,23.0,3.22,0.0,Normal,17,5,1
2025-01-13 18:00:00,25.12,Sunny,4.0,2.52,0.07,24.0,7.62,1.0,High Usage,18,5,1
2025-01-13 19:00:00,23.58,Cloudy,0.0,1.84,0.3,24.0,5.43,1.0,Normal,19,5,1
2025-01-13 20:00:00,23.77,Cloudy,1.0,2.11,0.23,24.0,6.35,1.0,Normal,20,5,1
2025-01-13 21:00:00,24.47,Sunny,3.0,2.34,0.08,27.0,6.55,1.0,Normal,21,5,1
2025-01-13 22:00:00,22.32,Cloudy,0.0,1.83,0.39,23.0,5.31,1.0,Normal,22,5,1
2025-01-13 23:00:00,22.05,Cloudy,0.0,1.79,0.89,23.0,4.26,0.0,Normal,23,5,1
2025-01-14 00:00:00,18.58,Sunny,1.0,1.08,0.39,21.0,4.14,0.0,Normal,0,6,1
2025-01-14 01:00:00,23.19,Sunny,0.0,2.18,0.89,22.0,4.76,0.0,Normal,1,6,1
2025-01-14 02:00:00,22.76,Cloudy,0.0,1.93,0.74,22.0,4.01,0.0,Normal,2,6,1
2025-01-14 03:00:00,20.66,Windy,0.0,1.96,0.71,21.0,3.7,0.0,Normal,3,6,1
2025-01-14 04:00:00,20.57,Cloudy,0.0,1.52,0.61,22.0,3.22,0.0,Normal,4,6,1
2025-01-14 05:00:00,18.82,Windy,1.0,2.08,0.87,21.0,4.94,0.0,High Usage,5,6,1
2025-01-14 06:00:00,23.79,Cloudy,1.0,2.39,0.66,22.0,6.26,0.0,Normal,6,6,1
2025-01-14 07:00:00,25.1,Cloudy,1.0,2.05,0.16,25.0,5.05,1.0,Normal,7,6,1
2025-01-14 08:00:00,24.28,Sunny,4.0,2.53,0.23,24.0,7.16,1.0,High Usage,8,6,1
2025-01-14 09:00:00,23.55,Sunny,2.0,2.2,0.26,23.0,5.78,0.0,Normal,9,6,1
2025-01-14 10:00:00,24.55,Rainy,1.0,1.49,0.05,23.0,4.68,0.0,Normal,10,6,1
2025-01-14 11:00:00,25.69,Sunny,1.0,1.81,0.14,24.0,4.2,0.0,Normal,11,6,1
2025-01-14 12:00:00,22.9,Sunny,1.0,2.07,0.24,23.0,4.96,0.0,Normal,12,6,1
2025-01-14 13:00:00,26.44,Sunny,1.0,1.48,0.21,24.0,3.33,0.0,Normal,13,6,1
2025-01-14 14:00:00,24.21,Sunny,1.0,2.06,0.29,23.0,4.4,0.0,Normal,14,6,1
2025-01-14 15:00:00,22.2,Rainy,1.0,2.13,0.33,23.0,5.84,0.0,High Usage,15,6,1
2025-01-14 16:00:00,23.93,Sunny,1.0,2.03,0.26,23.0,4.95,0.0,Normal,16,6,1
2025-01-14 17:00:00,24.07,Rainy,1.0,1.65,0.26,23.0,5.03,0.0,Normal,17,6,1
2025-01-14 18:00:00,26.27,Cloudy,4.0,2.13,0.16,25.0,6.7,1.0,Normal,18,6,1
2025-01-14 19:00:00,22.14,Rainy,0.0,2.06,0.07,24.0,5.15,1.0,Normal,19,6,1
2025-01-14 20:00:00,26.79,Cloudy,3.0,1.92,0.31,25.0,7.76,1.0,High Usage,20,6,1
2025-01-14 21:00:00,21.29,Rainy,3.0,2.91,0.08,22.0,7.63,1.0,High Usage,21,6,1
2025-01-14 22:00:00,21.94,Sunny,1.0,1.86,0.77,23.0,5.57,1.0,Normal,22,6,1
2025-01-14 23:00:00,24.02,Sunny,0.0,1.86,0.62,23.0,3.64,0.0,Normal,23,6,1
2025-01-15 00:00:00,24.3,Sunny,0.0,1.77,0.79,22.0,5.35,0.0,Normal,0,0,0
2025-01-15 01:00:00,23.81,Rainy,0.0,2.04,0.51,23.0,3.99,0.0,Normal,1,0,0
2025-01-15 02:00:00,24.83,Sunny,1.0,1.0,0.37,23.0,4.07,0.0,Normal,2,0,0
2025-01-15 03:00:00,23.18,Sunny,0.0,1.91,0.29,22.0,4.78,0.0,Normal,3,0,0
2025-01-15 04:00:00,21.25,Windy,3.0,1.57,0.56,22.0,4.48,0.0,Normal,4,0,0
2025-01-15 05:00:00,23.09,Sunny,0.0,2.4,0.83,23.0,5.33,0.0,High Usage,5,0,0
2025-01-15 06:00:00,23.39,Sunny,0.0,2.63,0.83,22.0,6.05,1.0,Normal,6,0,0
2025-01-15 07:00:00,24.46,Cloudy,2.0,1.64,0.19,24.0,5.27,1.0,Normal,7,0,0
2025-01-15 08:00:00,24.89,Sunny,1.0,2.22,0.2,25.0,4.79,1.0,Normal,8,0,0
2025-01-15 09:00:00,24.48,Sunny,4.0,1.98,0.29,24.0,7.12,1.0,High Usage,9,0,0
2025-01-15 10:00:00,24.87,Sunny,2.0,1.71,0.11,23.0,4.67,0.0,Normal,10,0,0
2025-01-15 11:00:00,24.34,Sunny,3.0,1.68,0.12,23.0,5.62,0.0,High Usage,11,0,0
2025-01-15 12:00:00,23.28,Rainy,4.0,1.69,0.18,24.0,4.79,0.0,Normal,12,0,0
2025-01-15 13:00:00,22.83,Rainy,1.0,1.63,0.33,23.0,3.44,0.0,Normal,13,0,0
2025-01-15 14:00:00,25.79,Cloudy,2.0,1.27,0.13,24.0,4.28,0.0,Normal,14,0,0
2025-01-15 15:00:00,21.95,Windy,2.0,2.77,0.3,23.0,5.27,0.0,Normal,15,0,0
2025-01-15 16:00:00,21.21,Sunny,0.0,1.47,0.16,23.0,5.05,0.0,Normal,16,0,0
2025-01-15 17:00:00,23.55,Sunny,1.0,1.64,0.17,23.0,4.32,0.0,Normal,17,0,0
2025-01-15 18:00:00,24.65,Sunny,3.0,2.56,0.09,24.0,7.9,1.0,High Usage,18,0,0
2025-01-15 19:00:00,24.28,Sunny,2.0,2.42,0.13,25.0,6.5,1.0,Normal,19,0,0
2025-01-15 20:00:00,26.2,Sunny,0.0,1.91,0.22,25.0,5.29,1.0,Normal,20,0,0
2025-01-15 21:00:00,25.76,Sunny,1.0,1.87,0.2,24.0,5.46,1.0,Normal,21,0,0
2025-01-15 22:00:00,21.49,Cloudy,1.0,1.92,0.53,22.0,4.76,1.0,Normal,22,0,0
2025-01-15 23:00:00,23.11,Sunny,0.0,1.14,0.83,22.0,4.53,0.0,Normal,23,0,0
2025-01-16 00:00:00,23.78,Cloudy,0.0,1.57,0.43,21.0,2.97,0.0,Normal,0,1,0
2025-01-16 01:00:00,22.69,Sunny,0.0,1.86,0.46,22.0,4.945,0.0,High Usage,1,1,0
2025-01-16 02:00:00,18.9,Cloudy,0.0,1.21,0.45,22.0,5.01,0.0,High Usage,2,1,0
2025-01-16 03:00:00,23.55,Sunny,0.0,1.6,0.67,21.0,4.16,0.0,Normal,3,1,0
2025-01-16 04:00:00,23.38,Sunny,0.0,1.91,0.65,22.0,3.19,0.0,Normal,4,1,0
2025-01-16 05:00:00,22.43,Cloudy,1.0,1.99,0.52,22.0,4.0,0.0,Normal,5,1,0
2025-01-16 06:00:00,23.57,Cloudy,1.0,2.69,0.78,23.0,5.98,1.0,Normal,6,1,0
2025-01-16 07:00:00,26.17,Sunny,4.0,1.73,0.12,26.0,6.57,1.0,Normal,7,1,0
2025-01-16 08:00:00,24.92,Cloudy,1.0,2.35,0.07,24.0,5.44,1.0,Normal,8,1,0
2025-01-16 09:00:00,21.22,Cloudy,4.0,2.65,0.26,23.0,7.11,1.0,Normal,9,1,0
2025-01-16 10:00:00,24.84,Rainy,2.0,2.11,0.08,25.0,5.08,0.0,High Usage,10,1,0
2025-01-16 11:00:00,22.46,Sunny,0.0,1.56,0.35,24.0,3.22,0.0,Normal,11,1,0
2025-01-16 12:00:00,25.4,Sunny,1.0,1.61,0.29,24.0,5.21,0.0,High Usage,12,1,0
2025-01-16 13:00:00,25.7,Cloudy,4.0,1.7,0.24,23.0,5.72,0.0,High Usage,13,1,0
2025-01-16 14:00:00,21.18,Rainy,3.0,2.07,0.12,23.0,6.32,0.0,High Usage,14,1,0
2025-01-16 15:00:00,21.49,Sunny,1.0,1.52,0.08,23.0,3.13,0.0,Normal,15,1,0
2025-01-16 16:00:00,24.18,Rainy,4.0,2.04,0.18,23.0,6.23,0.0,High Usage,16,1,0
2025-01-16 17:00:00,23.06,Cloudy,3.0,1.47,0.3,24.0,4.74,0.0,Normal,17,1,0
2025-01-16 18:00:00,23.55,Rainy,4.0,2.26,0.27,25.0,7.99,1.0,High Usage,18,1,0
2025-01-16 19:00:00,24.76,Sunny,2.0,2.11,0.2,25.0,6.4,1.0,Normal,19,1,0
2025-01-16 20:00:00,23.82,Sunny,3.0,1.86,0.24,23.0,5.89,1.0,Normal,20,1,0
2025-01-16 21:00:00,24.74,Windy,1.0,1.91,0.31,25.0,3.99,1.0,Normal,21,1,0
2025-01-16 22:00:00,24.75,Cloudy,1.0,2.15,0.88,24.0,6.12,1.0,High Usage,22,1,0
2025-01-16 23:00:00,21.11,Rainy,0.0,2.3,0.84,21.0,4.16,0.0,Normal,23,1,0
2025-01-17 00:00:00,21.08,Cloudy,0.0,1.74,0.54,22.0,3.76,0.0,Normal,0,2,0
2025-01-17 01:00:00,22.4,Sunny,2.0,1.91,0.54,22.0,5.0,0.0,High Usage,1,2,0
2025-01-17 02:00:00,23.5,Cloudy,0.0,1.36,0.76,22.0,3.59,0.0,Normal,2,2,0
2025-01-17 03:00:00,22.09,Rainy,1.0,1.63,0.56,22.0,4.95,0.0,Normal,3,2,0
2025-01-17 04:00:00,22.67,Cloudy,0.0,1.48,0.63,22.0,3.16,0.0,Normal,4,2,0
2025-01-17 05:00:00,21.11,Sunny,2.0,2.31,0.72,21.0,4.91,0.0,High Usage,5,2,0
2025-01-17 06:00:00,22.45,Sunny,1.0,1.74,0.6,23.0,5.29,1.0,Normal,6,2,0
2025-01-17 07:00:00,23.8,Sunny,2.0,1.65,0.21,23.0,6.19,1.0,Normal,7,2,0
2025-01-17 08:00:00,26.65,Windy,4.0,2.18,0.22,25.0,7.5,1.0,High Usage,8,2,0
2025-01-17 09:00:00,23.18,Cloudy,2.0,2.42,0.23,22.0,7.14,1.0,High Usage,9,2,0
2025-01-17 10:00:00,25.1,Sunny,1.0,1.97,0.29,24.0,3.83,0.0,Normal,10,2,0
2025-01-17 11:00:00,25.43,Sunny,0.0,1.91,0.22,23.0,3.29,0.0,Normal,11,2,0
2025-01-17 12:00:00,25.47,Sunny,0.0,1.58,0.32,24.0,3.21,0.0,Normal,12,2,0
2025-01-17 13:00:00,25.87,Sunny,2.0,1.82,0.34,23.0,5.23,0.0,Normal,13,2,0
2025-01-17 14:00:00,21.07,Sunny,1.0,1.36,0.34,23.0,5.87,0.0,High Usage,14,2,0
2025-01-17 15:00:00,20.88,Rainy,2.0,1.83,0.07,23.0,4.73,0.0,Normal,15,2,0
2025-01-17 16:00:00,23.79,Cloudy,0.0,2.27,0.1,24.0,3.96,0.0,Normal,16,2,0
2025-01-17 17:00:00,22.29,Sunny,4.0,1.79,0.07,23.0,4.9,0.0,Normal,17,2,0
2025-01-17 18:00:00,24.81,Windy,2.0,2.32,0.25,24.0,5.79,1.0,Normal,18,2,0
2025-01-17 19:00:00,24.0,Sunny,1.0,1.92,0.2,24.0,5.33,0.0,Normal,19,2,0
2025-01-17 20:00:00,21.38,Rainy,0.0,2.83,0.12,23.0,4.43,1.0,Normal,20,2,0
2025-01-17 21:00:00,23.48,Sunny,3.0,2.54,0.06,24.0,6.68,1.0,Normal,21,2,0
2025-01-17 22:00:00,23.51,Cloudy,1.0,2.18,0.77,22.0,6.75,1.0,High Usage,22,2,0
2025-01-17 23:00:00,20.93,Cloudy,1.0,1.91,0.74,22.0,4.32,0.0,Normal,23,2,0
2025-01-18 00:00:00,22.99,Sunny,0.0,2.23,0.43,21.0,4.83,0.0,High Usage,0,3,0
2025-01-18 01:00:00,21.96,Sunny,0.0,1.35,0.29,22.0,3.42,0.0,Normal,1,3,0
2025-01-18 02:00:00,21.11,Sunny,2.0,1.43,0.9,21.0,4.96,0.0,High Usage,2,3,0
2025-01-18 03:00:00,21.42,Sunny,1.0,1.92,0.66,22.0,4.16,0.0,Normal,3,3,0
2025-01-18 04:00:00,20.37,Windy,0.0,1.25,0.66,21.0,3.62,0.0,Normal,4,3,0
2025-01-18 05:00:00,22.44,Cloudy,0.0,2.04,0.86,21.0,5.07,0.0,High Usage,5,3,0
2025-01-18 06:00:00,23.46,Sunny,1.0,2.32,0.81,22.0,6.32,1.0,High Usage,6,3,0
2025-01-18 07:00:00,26.86,Cloudy,2.0,1.68,0.12,26.0,5.34,1.0,Normal,7,3,0
2025-01-18 08:00:00,25.54,Sunny,1.0,2.06,0.16,24.0,5.92,1.0,Normal,8,3,0
2025-01-18 09:00:00,27.31,Sunny,4.0,1.92,0.3,24.0,7.47,0.0,High Usage,9,3,0
2025-01-18 10:00:00,25.34,Sunny,3.0,1.74,0.22,23.0,4.89,0.0,Normal,10,3,0
2025-01-18 11:00:00,24.41,Rainy,1.0,2.27,0.25,24.0,4.39,0.0,Normal,11,3,0
2025-01-18 12:00:00,22.93,Cloudy,1.0,0.74,0.14,23.0,3.06,0.0,Normal,12,3,0
2025-01-18 13:00:00,25.39,Sunny,1.0,1.98,0.07,23.0,4.69,0.0,Normal,13,3,0
2025-01-18 14:00:00,20.84,Windy,2.0,1.99,0.17,23.0,5.05,0.0,Normal,14,3,0
2025-01-18 15:00:00,23.1,Rainy,1.0,1.52,0.24,24.0,3.98,0.0,Normal,15,3,0
2025-01-18 16:00:00,21.32,Sunny,4.0,2.2,0.25,22.0,6.45,0.0,High Usage,16,3,0
2025-01-18 17:00:00,23.84,Sunny,2.0,1.77,0.25,23.0,4.44,0.0,Normal,17,3,0
2025-01-18 18:00:00,24.82,Windy,2.0,2.61,0.15,23.0,6.96,1.0,Normal,18,3,0
2025-01-18 19:00:00,24.64,Sunny,1.0,2.37,0.31,24.0,6.27,1.0,Normal,19,3,0
2025-01-18 20:00:00,23.95,Cloudy,2.0,2.01,0.29,24.0,5.15,1.0,Normal,20,3,0
2025-01-18 21:00:00,26.86,Sunny,4.0,2.26,0.15,26.0,7.99,1.0,High Usage,21,3,0
2025-01-18 22:00:00,24.02,Sunny,1.0,2.09,0.49,23.0,6.14,0.0,High Usage,22,3,0
2025-01-18 23:00:00,21.7,Sunny,1.0,1.7,0.61,22.0,4.46,0.0,Normal,23,3,0
2025-01-19 00:00:00,22.15,Sunny,0.0,1.52,0.72,21.0,4.59,0.0,Normal,0,4,0
2025-01-19 01:00:00,21.73,Sunny,0.0,2.52,0.38,22.0,4.0,0.0,Normal,1,4,0
2025-01-19 02:00:00,23.87,Sunny,1.0,2.16,0.66,23.0,4.85,0.0,High Usage,2,4,0
2025-01-19 03:00:00,20.9,Sunny,1.0,2.38,0.38,22.0,5.75,0.0,High Usage,3,4,0
2025-01-19 04:00:00,23.01,Windy,1.0,1.91,0.89,22.0,5.04,0.0,High Usage,4,4,0
2025-01-19 05:00:00,23.36,Sunny,1.0,1.73,0.45,23.0,3.68,0.0,Normal,5,4,0
2025-01-19 06:00:00,25.74,Cloudy,0.0,2.36,0.85,23.0,6.4,1.0,High Usage,6,4,0
2025-01-19 07:00:00,24.72,Sunny,4.0,2.53,0.21,23.0,6.86,1.0,High Usage,7,4,0
2025-01-19 08:00:00,24.69,Sunny,4.0,2.05,0.12,24.0,6.57,1.0,Normal,8,4,0
2025-01-19 09:00:00,28.56,Sunny,1.0,2.58,0.29,26.0,6.91,1.0,Normal,9,4,0
2025-01-19 10:00:00,22.65,Rainy,1.0,1.89,0.27,23.0,4.24,0.0,Normal,10,4,0
2025-01-19 11:00:00,23.59,Sunny,1.0,1.17,0.24,23.0,3.95,0.0,Normal,11,4,0
2025-01-19 12:00:00,20.53,Sunny,2.0,2.04,0.09,22.0,4.945,0.0,Normal,12,4,0
2025-01-19 13:00:00,23.85,Sunny,2.0,1.63,0.29,24.0,5.2,0.0,Normal,13,4,0
2025-01-19 14:00:00,21.69,Rainy,0.0,1.53,0.07,23.0,3.52,0.0,Normal,14,4,0
2025-01-19 15:00:00,23.69,Sunny,0.0,1.57,0.27,23.0,3.54,0.0,Normal,15,4,0
2025-01-19 16:00:00,22.07,Cloudy,2.0,1.75,0.22,22.0,3.58,0.0,Normal,16,4,0
2025-01-19 17:00:00,23.34,Sunny,1.0,1.92,0.24,24.0,4.15,0.0,Normal,17,4,0
2025-01-19 18:00:00,24.63,Sunny,3.0,1.86,0.29,22.0,6.25,1.0,Normal,18,4,0
2025-01-19 19:00:00,23.39,Rainy,3.0,2.63,0.23,24.0,8.04,1.0,High Usage,19,4,0
2025-01-19 20:00:00,26.48,Sunny,4.0,2.61,0.27,24.0,7.16,1.0,High Usage,20,4,0
2025-01-19 21:00:00,25.17,Cloudy,3.0,1.98,0.3,25.0,6.42,1.0,Normal,21,4,0
2025-01-19 22:00:00,22.15,Windy,1.0,2.26,0.72,22.0,6.29,1.0,High Usage,22,4,0
2025-01-19 23:00:00,22.12,Sunny,0.0,2.02,0.48,22.0,3.48,0.0,Normal,23,4,0
2025-01-20 00:00:00,22.53,Sunny,0.0,1.05,0.66,21.0,3.23,0.0,Normal,0,5,1
2025-01-20 01:00:00,22.93,Sunny,1.0,1.54,0.46,22.0,5.28,0.0,High Usage,1,5,1
2025-01-20 02:00:00,23.12,Cloudy,1.0,1.2,0.85,22.0,4.44,0.0,Normal,2,5,1
2025-01-20 03:00:00,22.8,Rainy,2.0,1.89,0.85,23.0,5.11,0.0,Normal,3,5,1
2025-01-20 04:00:00,21.62,Cloudy,0.0,2.11,0.75,23.0,3.87,0.0,Normal,4,5,1
2025-01-20 05:00:00,23.66,Sunny,0.0,1.91,0.5,23.0,4.26,0.0,Normal,5,5,1
2025-01-20 06:00:00,23.98,Cloudy,1.0,1.91,0.51,24.0,5.24,1.0,Normal,6,5,1
2025-01-20 07:00:00,26.93,Rainy,2.0,1.73,0.21,25.0,5.85,0.0,Normal,7,5,1
2025-01-20 08:00:00,24.87,Cloudy,3.0,2.21,0.23,23.0,5.68,1.0,Normal,8,5,1
2025-01-20 09:00:00,23.55,Sunny,4.0,2.05,0.09,23.0,6.38,1.0,Normal,9,5,1
2025-01-20 10:00:00,22.65,Rainy,1.0,1.83,0.16,23.0,5.03,0.0,High Usage,10,5,1
2025-01-20 11:00:00,22.62,Sunny,1.0,1.75,0.06,23.0,4.29,0.0,Normal,11,5,1
2025-01-20 12:00:00,26.15,Sunny,1.0,1.24,0.13,24.0,4.5,0.0,Normal,12,5,1
2025-01-20 13:00:00,24.09,Cloudy,2.0,1.97,0.17,23.0,4.83,0.0,Normal,13,5,1
2025-01-20 14:00:00,23.0,Sunny,1.0,1.57,0.29,23.0,4.01,0.0,Normal,14,5,1
2025-01-20 15:00:00,21.75,Cloudy,1.0,1.66,0.13,22.0,4.53,0.0,Normal,15,5,1
2025-01-20 16:00:00,25.67,Sunny,1.0,1.94,0.32,24.0,4.3,0.0,Normal,16,5,1
2025-01-20 17:00:00,22.78,Sunny,0.0,1.96,0.06,23.0,3.76,0.0,Normal,17,5,1
2025-01-20 18:00:00,24.91,Windy,2.0,2.3,0.17,25.0,5.62,1.0,Normal,18,5,1
2025-01-20 19:00:00,25.36,Sunny,1.0,2.25,0.06,26.0,6.07,1.0,Normal,19,5,1
2025-01-20 20:00:00,26.48,Cloudy,4.0,1.73,0.22,25.0,6.33,1.0,Normal,20,5,1
2025-01-20 21:00:00,23.55,Sunny,2.0,2.43,0.07,23.0,6.43,1.0,Normal,21,5,1
2025-01-20 22:00:00,24.55,Rainy,1.0,2.16,0.29,23.0,6.11,1.0,High Usage,22,5,1
2025-01-20 23:00:00,21.64,Sunny,2.0,2.19,0.89,23.0,5.14,0.0,High Usage,23,5,1
2025-01-21 00:00:00,20.74,Sunny,2.0,1.43,0.43,22.0,5.06,0.0,High Usage,0,6,1
2025-01-21 01:00:00,24.04,Cloudy,0.0,1.91,0.82,22.0,4.945,0.0,Normal,1,6,1
2025-01-21 02:00:00,23.28,Cloudy,0.0,2.18,0.42,22.0,4.26,0.0,Normal,2,6,1
2025-01-21 03:00:00,25.38,Cloudy,1.0,1.39,0.37,22.0,4.945,0.0,Normal,3,6,1
2025-01-21 04:00:00,23.25,Sunny,1.0,1.57,0.37,22.0,3.55,0.0,Normal,4,6,1
2025-01-21 05:00:00,26.24,Sunny,2.0,2.14,0.83,23.0,6.05,0.0,High Usage,5,6,1
2025-01-21 06:00:00,21.2,Cloudy,1.0,1.91,0.39,23.0,6.34,1.0,High Usage,6,6,1
2025-01-21 07:00:00,24.79,Sunny,3.0,3.0,0.19,24.0,6.47,1.0,Normal,7,6,1
2025-01-21 08:00:00,25.52,Rainy,2.0,2.18,0.1,25.0,5.62,1.0,Normal,8,6,1
2025-01-21 09:00:00,23.72,Sunny,1.0,2.37,0.19,23.0,6.44,1.0,Normal,9,6,1
2025-01-21 10:00:00,22.14,Cloudy,3.0,2.38,0.29,23.0,5.35,0.0,High Usage,10,6,1
2025-01-21 11:00:00,23.55,Windy,1.0,1.69,0.06,24.0,3.64,0.0,Normal,11,6,1
2025-01-21 12:00:00,23.86,Rainy,1.0,1.4,0.33,23.0,4.14,0.0,Normal,12,6,1
2025-01-21 13:00:00,22.77,Sunny,0.0,1.29,0.22,25.0,3.47,0.0,Normal,13,6,1
2025-01-21 14:00:00,25.3,Sunny,0.0,1.75,0.24,24.0,3.23,0.0,Normal,14,6,1
2025-01-21 15:00:00,25.0,Windy,1.0,1.72,0.18,24.0,4.57,0.0,Normal,15,6,1
2025-01-21 16:00:00,25.04,Rainy,3.0,1.64,0.09,23.0,5.32,0.0,Normal,16,6,1
2025-01-21 17:00:00,21.69,Rainy,0.0,1.39,0.3,22.0,2.69,0.0,Normal,17,6,1
2025-01-21 18:00:00,26.63,Sunny,3.0,2.26,0.25,23.0,6.66,0.0,Normal,18,6,1
2025-01-21 19:00:00,24.85,Cloudy,1.0,1.61,0.07,24.0,5.79,1.0,Normal,19,6,1
2025-01-21 20:00:00,24.67,Sunny,1.0,1.71,0.14,24.0,4.82,0.0,Normal,20,6,1
2025-01-21 21:00:00,25.66,Sunny,4.0,2.48,0.05,25.0,7.09,1.0,High Usage,21,6,1
2025-01-21 22:00:00,22.76,Rainy,0.0,1.85,0.53,24.0,4.98,1.0,Normal,22,6,1
2025-01-21 23:00:00,22.13,Sunny,0.0,1.82,0.35,22.0,4.01,0.0,Normal,23,6,1
2025-01-22 00:00:00,21.86,Rainy,1.0,1.68,0.77,21.0,3.31,0.0,Normal,0,0,0
2025-01-22 01:00:00,22.65,Cloudy,0.0,1.82,0.59,22.0,4.69,0.0,Normal,1,0,0
2025-01-22 02:00:00,21.01,Sunny,1.0,1.81,0.39,21.0,4.41,0.0,Normal,2,0,0
2025-01-22 03:00:00,23.54,Sunny,0.0,1.91,0.57,22.0,5.36,0.0,High Usage,3,0,0
2025-01-22 04:00:00,21.06,Rainy,0.0,1.77,0.39,22.0,3.83,0.0,Normal,4,0,0
2025-01-22 05:00:00,23.55,Cloudy,2.0,1.44,0.59,22.0,5.88,0.0,High Usage,5,0,0
2025-01-22 06:00:00,23.28,Rainy,0.0,1.74,0.82,22.0,6.79,1.0,High Usage,6,0,0
2025-01-22 07:00:00,24.34,Rainy,3.0,2.15,0.08,23.0,5.96,1.0,Normal,7,0,0
2025-01-22 08:00:00,25.01,Rainy,3.0,2.54,0.32,26.0,6.81,1.0,High Usage,8,0,0
2025-01-22 09:00:00,25.13,Sunny,3.0,1.95,0.08,25.0,6.19,1.0,Normal,9,0,0
2025-01-22 10:00:00,24.65,Sunny,1.0,1.91,0.09,24.0,4.15,0.0,Normal,10,0,0
2025-01-22 11:00:00,23.49,Cloudy,1.0,1.46,0.15,23.0,4.19,0.0,Normal,11,0,0
2025-01-22 12:00:00,23.46,Sunny,0.0,1.75,0.32,23.0,3.12,0.0,Normal,12,0,0
2025-01-22 13:00:00,21.1,Windy,1.0,1.76,0.14,23.0,4.0,0.0,Normal,13,0,0
2025-01-22 14:00:00,25.55,Sunny,0.0,1.49,0.13,24.0,3.0,0.0,Normal,14,0,0
2025-01-22 15:00:00,25.69,Cloudy,1.0,2.15,0.29,24.0,5.82,0.0,High Usage,15,0,0
2025-01-22 16:00:00,25.82,Cloudy,2.0,1.9,0.08,23.0,4.945,0.0,High Usage,16,0,0
2025-01-22 17:00:00,23.55,Sunny,0.0,1.91,0.11,25.0,4.4,0.0,Normal,17,0,0
2025-01-22 18:00:00,21.86,Windy,3.0,1.99,0.06,24.0,6.87,1.0,Normal,18,0,0
2025-01-22 19:00:00,23.68,Sunny,2.0,2.12,0.14,25.0,5.87,1.0,Normal,19,0,0
2025-01-22 20:00:00,25.74,Sunny,2.0,1.77,0.18,25.0,5.91,1.0,Normal,20,0,0
2025-01-22 21:00:00,24.64,Sunny,2.0,2.45,0.07,24.0,6.19,1.0,Normal,21,0,0
2025-01-22 22:00:00,23.85,Sunny,1.0,1.92,0.68,22.0,5.63,1.0,Normal,22,0,0
2025-01-22 23:00:00,21.91,Sunny,1.0,1.34,0.45,21.0,2.34,0.0,Normal,23,0,0
2025-01-23 00:00:00,21.98,Rainy,0.0,2.01,0.67,22.0,4.85,0.0,High Usage,0,1,0
2025-01-23 01:00:00,23.13,Cloudy,1.0,1.7,0.9,23.0,4.85,0.0,Normal,1,1,0
2025-01-23 02:00:00,24.93,Sunny,0.0,2.06,0.69,22.0,4.42,0.0,Normal,2,1,0
2025-01-23 03:00:00,21.67,Windy,0.0,1.89,0.58,23.0,3.78,0.0,Normal,3,1,0
2025-01-23 04:00:00,21.08,Cloudy,0.0,1.37,0.46,23.0,3.62,0.0,Normal,4,1,0
2025-01-23 05:00:00,23.38,Sunny,0.0,1.47,0.54,22.0,4.79,0.0,Normal,5,1,0
2025-01-23 06:00:00,24.32,Cloudy,1.0,1.95,0.75,23.0,6.15,1.0,Normal,6,1,0
2025-01-23 07:00:00,23.71,Sunny,2.0,2.76,0.13,23.0,6.25,1.0,Normal,7,1,0
2025-01-23 08:00:00,23.71,Sunny,2.0,2.03,0.13,23.0,4.91,1.0,Normal,8,1,0
2025-01-23 09:00:00,22.87,Cloudy,1.0,2.45,0.18,25.0,7.33,1.0,High Usage,9,1,0
2025-01-23 10:00:00,23.55,Cloudy,3.0,2.33,0.27,23.0,5.93,0.0,High Usage,10,1,0
2025-01-23 11:00:00,22.87,Cloudy,4.0,1.84,0.15,25.0,6.25,0.0,High Usage,11,1,0
2025-01-23 12:00:00,24.77,Sunny,0.0,1.91,0.34,23.0,5.14,0.0,High Usage,12,1,0
2025-01-23 13:00:00,24.16,Cloudy,4.0,1.65,0.29,24.0,4.56,0.0,Normal,13,1,0
2025-01-23 14:00:00,25.74,Cloudy,1.0,1.81,0.13,25.0,4.18,0.0,Normal,14,1,0
2025-01-23 15:00:00,22.73,Cloudy,2.0,2.13,0.29,23.0,5.1,0.0,Normal,15,1,0
2025-01-23 16:00:00,23.46,Sunny,0.0,2.45,0.25,23.0,3.94,0.0,Normal,16,1,0
2025-01-23 17:00:00,23.54,Rainy,0.0,1.91,0.2,23.0,4.42,0.0,Normal,17,1,0
2025-01-23 18:00:00,21.81,Cloudy,4.0,2.2,0.32,23.0,4.945,1.0,Normal,18,1,0
2025-01-23 19:00:00,22.78,Sunny,4.0,2.59,0.16,24.0,4.945,1.0,High Usage,19,1,0
2025-01-23 20:00:00,23.56,Cloudy,2.0,2.24,0.14,24.0,6.73,1.0,Normal,20,1,0
2025-01-23 21:00:00,24.37,Rainy,1.0,1.94,0.1,23.0,4.62,1.0,Normal,21,1,0
2025-01-23 22:00:00,22.86,Cloudy,1.0,1.91,0.71,24.0,5.81,1.0,Normal,22,1,0
2025-01-23 23:00:00,20.61,Sunny,1.0,1.85,0.8,21.0,4.78,0.0,High Usage,23,1,0
2025-01-24 00:00:00,20.87,Cloudy,1.0,1.4,0.45,20.0,4.14,0.0,Normal,0,2,0
2025-01-24 01:00:00,22.7,Sunny,1.0,1.93,0.43,22.0,5.0,0.0,High Usage,1,2,0
2025-01-24 02:00:00,23.55,Sunny,1.0,1.68,0.29,23.0,4.4,0.0,Normal,2,2,0
2025-01-24 03:00:00,20.21,Rainy,1.0,1.6,0.66,23.0,4.71,0.0,Normal,3,2,0
2025-01-24 04:00:00,21.61,Sunny,0.0,1.97,0.55,22.0,3.94,0.0,Normal,4,2,0
2025-01-24 05:00:00,24.1,Cloudy,2.0,1.83,0.42,22.0,4.69,0.0,Normal,5,2,0
2025-01-24 06:00:00,26.17,Sunny,1.0,1.59,0.41,25.0,5.37,1.0,Normal,6,2,0
2025-01-24 07:00:00,26.11,Sunny,0.0,2.63,0.32,24.0,4.96,1.0,Normal,7,2,0
2025-01-24 08:00:00,25.89,Cloudy,1.0,1.85,0.12,25.0,5.89,1.0,Normal,8,2,0
2025-01-24 09:00:00,23.5,Sunny,1.0,2.0,0.35,24.0,5.47,1.0,Normal,9,2,0
2025-01-24 10:00:00,22.05,Rainy,1.0,1.57,0.29,22.0,3.44,0.0,Normal,10,2,0
2025-01-24 11:00:00,24.0,Sunny,0.0,1.71,0.21,24.0,4.13,0.0,Normal,11,2,0
2025-01-24 12:00:00,22.29,Rainy,2.0,1.51,0.25,23.0,5.37,0.0,High Usage,12,2,0
2025-01-24 13:00:00,24.62,Cloudy,1.0,2.01,0.28,23.0,4.35,0.0,Normal,13,2,0
2025-01-24 14:00:00,24.44,Sunny,3.0,1.95,0.05,23.0,5.5,0.0,Normal,14,2,0
2025-01-24 15:00:00,22.69,Sunny,0.0,1.47,0.23,23.0,3.56,0.0,Normal,15,2,0
2025-01-24 16:00:00,21.99,Rainy,1.0,2.3,0.3,23.0,4.28,0.0,Normal,16,2,0
2025-01-24 17:00:00,23.54,Cloudy,1.0,1.96,0.07,24.0,4.28,0.0,Normal,17,2,0
2025-01-24 18:00:00,22.22,Sunny,4.0,2.24,0.26,23.0,6.35,1.0,Normal,18,2,0
2025-01-24 19:00:00,23.83,Sunny,1.0,2.46,0.3,24.0,5.53,1.0,Normal,19,2,0
2025-01-24 20:00:00,26.84,Sunny,2.0,2.57,0.17,25.0,6.58,1.0,Normal,20,2,0
2025-01-24 21:00:00,24.42,Windy,1.0,2.72,0.27,24.0,5.4,1.0,Normal,21,2,0
2025-01-24 22:00:00,24.44,Sunny,1.0,2.4,0.62,24.0,6.16,1.0,High Usage,22,2,0
2025-01-24 23:00:00,19.94,Rainy,1.0,1.9,0.4,21.0,4.76,0.0,High Usage,23,2,0
2025-01-25 00:00:00,23.91,Cloudy,1.0,1.96,0.79,22.0,4.42,0.0,Normal,0,3,0
2025-01-25 01:00:00,23.55,Rainy,0.0,2.26,0.81,22.0,4.8,0.0,Normal,1,3,0
2025-01-25 02:00:00,23.57,Rainy,1.0,2.26,0.42,22.0,6.47,0.0,High Usage,2,3,0
2025-01-25 03:00:00,20.78,Windy,2.0,2.19,0.62,23.0,5.09,0.0,Normal,3,3,0
2025-01-25 04:00:00,22.02,Cloudy,0.0,2.01,0.82,22.0,5.24,0.0,Normal,4,3,0
2025-01-25 05:00:00,21.28,Rainy,1.0,1.9,0.52,22.0,3.92,0.0,Normal,5,3,0
2025-01-25 06:00:00,23.37,Cloudy,1.0,2.08,0.86,23.0,5.43,1.0,Normal,6,3,0
2025-01-25 07:00:00,21.44,Cloudy,1.0,1.98,0.08,23.0,6.19,1.0,Normal,7,3,0
2025-01-25 08:00:00,25.75,Cloudy,2.0,1.81,0.17,25.0,5.28,1.0,Normal,8,3,0
2025-01-25 09:00:00,22.06,Cloudy,0.0,1.86,0.31,25.0,5.68,1.0,Normal,9,3,0
2025-01-25 10:00:00,25.3,Sunny,1.0,2.48,0.32,24.0,3.87,0.0,Normal,10,3,0
2025-01-25 11:00:00,21.8,Cloudy,2.0,1.89,0.29,23.0,5.39,0.0,High Usage,11,3,0
2025-01-25 12:00:00,24.29,Rainy,2.0,1.95,0.34,25.0,4.54,0.0,Normal,12,3,0
2025-01-25 13:00:00,21.16,Sunny,3.0,1.24,0.2,21.0,4.94,0.0,Normal,13,3,0
2025-01-25 14:00:00,20.04,Cloudy,4.0,1.78,0.22,22.0,6.29,0.0,High Usage,14,3,0
2025-01-25 15:00:00,24.72,Sunny,0.0,1.59,0.21,24.0,4.05,0.0,Normal,15,3,0
2025-01-25 16:00:00,22.45,Sunny,2.0,2.2,0.28,23.0,6.21,0.0,High Usage,16,3,0
2025-01-25 17:00:00,23.89,Sunny,4.0,2.34,0.12,24.0,5.76,0.0,High Usage,17,3,0
2025-01-25 18:00:00,25.77,Cloudy,3.0,2.67,0.31,25.0,8.16,1.0,High Usage,18,3,0
2025-01-25 19:00:00,25.65,Sunny,2.0,1.64,0.32,25.0,6.1,1.0,Normal,19,3,0
2025-01-25 20:00:00,25.25,Cloudy,2.0,2.32,0.08,24.0,7.0,1.0,Normal,20,3,0
2025-01-25 21:00:00,24.25,Cloudy,1.0,1.85,0.25,24.0,4.88,1.0,Normal,21,3,0
2025-01-25 22:00:00,20.92,Sunny,1.0,2.27,0.44,22.0,5.26,1.0,Normal,22,3,0
2025-01-25 23:00:00,21.07,Sunny,2.0,1.25,0.29,23.0,3.92,0.0,Normal,23,3,0
2025-01-26 00:00:00,21.47,Cloudy,0.0,2.06,0.8,22.0,4.89,0.0,Normal,0,4,0
2025-01-26 01:00:00,23.0,Cloudy,1.0,1.26,0.51,23.0,4.23,0.0,Normal,1,4,0
2025-01-26 02:00:00,22.72,Windy,2.0,2.04,0.47,22.0,5.26,0.0,High Usage,2,4,0
2025-01-26 03:00:00,20.37,Rainy,3.0,1.27,0.7,22.0,5.36,0.0,High Usage,3,4,0
2025-01-26 04:00:00,23.98,Cloudy,2.0,1.62,0.4,22.0,5.01,0.0,High Usage,4,4,0
2025-01-26 05:00:00,23.95,Cloudy,0.0,1.65,0.38,22.0,3.79,0.0,Normal,5,4,0
2025-01-26 06:00:00,25.54,Cloudy,1.0,2.28,0.48,23.0,6.24,1.0,Normal,6,4,0
2025-01-26 07:00:00,23.42,Sunny,2.0,2.16,0.33,23.0,5.46,1.0,Normal,7,4,0
2025-01-26 08:00:00,24.31,Sunny,2.0,1.99,0.28,25.0,5.44,1.0,Normal,8,4,0
2025-01-26 09:00:00,24.94,Sunny,2.0,2.41,0.33,23.0,5.66,1.0,Normal,9,4,0
2025-01-26 10:00:00,23.66,Cloudy,3.0,1.72,0.06,23.0,4.53,0.0,Normal,10,4,0
2025-01-26 11:00:00,25.4,Sunny,1.0,1.86,0.26,24.0,3.93,0.0,Normal,11,4,0
2025-01-26 12:00:00,24.75,Sunny,2.0,1.66,0.3,23.0,5.67,0.0,High Usage,12,4,0
2025-01-26 13:00:00,22.4,Windy,2.0,1.67,0.19,23.0,4.33,0.0,Normal,13,4,0
2025-01-26 14:00:00,25.77,Sunny,2.0,2.37,0.1,26.0,6.14,0.0,High Usage,14,4,0
2025-01-26 15:00:00,26.71,Sunny,2.0,2.49,0.31,24.0,5.02,0.0,Normal,15,4,0
2025-01-26 16:00:00,24.44,Sunny,0.0,2.1,0.21,24.0,3.61,0.0,Normal,16,4,0
2025-01-26 17:00:00,23.55,Windy,2.0,1.75,0.09,24.0,3.67,0.0,Normal,17,4,0
2025-01-26 18:00:00,23.86,Rainy,3.0,2.11,0.2,23.0,6.99,1.0,High Usage,18,4,0
2025-01-26 19:00:00,25.04,Sunny,2.0,1.94,0.05,24.0,6.15,0.0,Normal,19,4,0
2025-01-26 20:00:00,21.12,Windy,2.0,2.48,0.26,23.0,5.36,0.0,Normal,20,4,0
2025-01-26 21:00:00,21.0,Rainy,3.0,2.27,0.22,23.0,6.86,0.0,Normal,21,4,0
2025-01-26 22:00:00,23.92,Cloudy,0.0,1.92,0.89,23.0,4.65,1.0,Normal,22,4,0
2025-01-26 23:00:00,20.2,Windy,0.0,2.21,0.68,22.0,4.68,0.0,Normal,23,4,0
2025-01-27 00:00:00,24.4,Rainy,0.0,1.81,0.83,23.0,4.1,0.0,Normal,0,5,1
2025-01-27 01:00:00,22.64,Sunny,0.0,2.15,0.71,22.0,4.62,0.0,Normal,1,5,1
2025-01-27 02:00:00,19.81,Cloudy,0.0,1.28,0.29,22.0,4.67,0.0,Normal,2,5,1
2025-01-27 03:00:00,23.19,Cloudy,2.0,1.75,0.43,21.0,5.28,0.0,High Usage,3,5,1
2025-01-27 04:00:00,21.98,Sunny,0.0,1.81,0.73,23.0,3.98,0.0,Normal,4,5,1
2025-01-27 05:00:00,22.19,Sunny,1.0,0.71,0.75,22.0,4.62,0.0,Normal,5,5,1
2025-01-27 06:00:00,21.56,Sunny,2.0,2.17,0.4,22.0,6.08,1.0,Normal,6,5,1
2025-01-27 07:00:00,26.81,Sunny,3.0,2.16,0.11,25.0,6.21,1.0,Normal,7,5,1
2025-01-27 08:00:00,24.08,Sunny,1.0,2.3,0.29,24.0,4.88,1.0,Normal,8,5,1
2025-01-27 09:00:00,23.8,Windy,3.0,1.95,0.17,25.0,6.22,1.0,Normal,9,5,1
2025-01-27 10:00:00,25.3,Cloudy,1.0,1.51,0.08,24.0,2.99,0.0,Normal,10,5,1
2025-01-27 11:00:00,24.98,Cloudy,0.0,2.59,0.34,23.0,3.74,0.0,Normal,11,5,1
2025-01-27 12:00:00,26.15,Sunny,2.0,1.93,0.29,25.0,5.19,0.0,High Usage,12,5,1
2025-01-27 13:00:00,24.86,Windy,1.0,2.0,0.07,24.0,4.945,0.0,Normal,13,5,1
2025-01-27 14:00:00,22.42,Cloudy,1.0,1.37,0.15,22.0,3.86,0.0,Normal,14,5,1
2025-01-27 15:00:00,24.37,Sunny,1.0,1.51,0.33,23.0,4.3,0.0,Normal,15,5,1
2025-01-27 16:00:00,23.72,Sunny,2.0,1.69,0.12,24.0,4.68,0.0,Normal,16,5,1
2025-01-27 17:00:00,25.25,Windy,0.0,1.89,0.17,24.0,4.36,0.0,Normal,17,5,1
2025-01-27 18:00:00,23.79,Windy,1.0,1.92,0.13,23.0,6.11,1.0,Normal,18,5,1
2025-01-27 19:00:00,21.34,Cloudy,1.0,2.44,0.09,23.0,4.56,1.0,Normal,19,5,1
2025-01-27 20:00:00,23.08,Sunny,4.0,2.41,0.05,23.0,6.88,1.0,Normal,20,5,1
2025-01-27 21:00:00,26.62,Sunny,0.0,2.06,0.29,25.0,4.96,0.0,Normal,21,5,1
2025-01-27 22:00:00,21.01,Rainy,1.0,1.99,0.46,22.0,4.95,1.0,Normal,22,5,1
2025-01-27 23:00:00,22.52,Rainy,0.0,2.37,0.52,23.0,5.25,0.0,High Usage,23,5,1
2025-01-28 00:00:00,23.53,Cloudy,0.0,1.35,0.71,21.0,4.65,0.0,Normal,0,6,1
2025-01-28 01:00:00,21.19,Sunny,0.0,1.2,0.57,22.0,2.49,0.0,Normal,1,6,1
2025-01-28 02:00:00,23.19,Sunny,1.0,1.43,0.67,23.0,5.53,0.0,High Usage,2,6,1
2025-01-28 03:00:00,22.85,Sunny,1.0,1.67,0.76,23.0,3.76,0.0,Normal,3,6,1
2025-01-28 04:00:00,21.6,Sunny,0.0,1.86,0.75,22.0,4.71,0.0,Normal,4,6,1
2025-01-28 05:00:00,21.77,Windy,0.0,1.46,0.65,23.0,3.89,0.0,Normal,5,6,1
2025-01-28 06:00:00,23.27,Rainy,0.0,2.53,0.83,22.0,6.57,1.0,High Usage,6,6,1
2025-01-28 07:00:00,25.2,Sunny,3.0,1.87,0.11,24.0,5.69,1.0,Normal,7,6,1
2025-01-28 08:00:00,25.84,Sunny,4.0,2.0,0.35,25.0,6.25,1.0,Normal,8,6,1
2025-01-28 09:00:00,24.91,Cloudy,1.0,2.18,0.33,26.0,5.58,1.0,Normal,9,6,1
2025-01-28 10:00:00,21.43,Rainy,1.0,1.55,0.05,22.0,4.6,0.0,Normal,10,6,1
2025-01-28 11:00:00,22.42,Rainy,1.0,1.91,0.17,23.0,3.89,0.0,Normal,11,6,1
2025-01-28 12:00:00,25.49,Sunny,2.0,0.97,0.3,23.0,3.4,0.0,Normal,12,6,1
2025-01-28 13:00:00,22.45,Windy,0.0,1.61,0.09,23.0,3.54,0.0,Normal,13,6,1
2025-01-28 14:00:00,24.75,Sunny,4.0,1.41,0.28,22.0,6.56,0.0,High Usage,14,6,1
2025-01-28 15:00:00,21.31,Cloudy,2.0,2.99,0.21,23.0,5.86,0.0,High Usage,15,6,1
2025-01-28 16:00:00,23.55,Cloudy,0.0,2.01,0.12,25.0,4.58,0.0,Normal,16,6,1
2025-01-28 17:00:00,24.25,Windy,2.0,1.91,0.23,23.0,5.12,0.0,Normal,17,6,1
2025-01-28 18:00:00,23.55,Cloudy,4.0,2.57,0.14,24.0,6.99,1.0,High Usage,18,6,1
2025-01-28 19:00:00,25.96,Cloudy,3.0,2.03,0.08,23.0,6.75,1.0,Normal,19,6,1
2025-01-28 20:00:00,23.0,Cloudy,1.0,1.93,0.19,23.0,5.02,1.0,Normal,20,6,1
2025-01-28 21:00:00,25.94,Rainy,1.0,1.91,0.11,25.0,4.945,1.0,Normal,21,6,1
2025-01-28 22:00:00,23.19,Sunny,0.0,1.98,0.5,23.0,5.61,1.0,Normal,22,6,1
2025-01-28 23:00:00,21.13,Sunny,1.0,1.76,0.51,22.0,4.945,0.0,Normal,23,6,1
2025-01-29 00:00:00,21.56,Windy,0.0,1.72,0.78,23.0,4.27,0.0,Normal,0,0,0
2025-01-29 01:00:00,22.52,Cloudy,1.0,2.05,0.77,23.0,5.1,0.0,High Usage,1,0,0
2025-01-29 02:00:00,21.88,Sunny,0.0,1.28,0.78,21.0,4.64,0.0,Normal,2,0,0
2025-01-29 03:00:00,23.31,Sunny,1.0,1.7,0.87,22.0,4.32,0.0,Normal,3,0,0
2025-01-29 04:00:00,20.66,Rainy,0.0,1.37,0.29,21.0,4.18,0.0,Normal,4,0,0
2025-01-29 05:00:00,22.73,Sunny,0.0,1.12,0.44,22.0,3.14,0.0,Normal,5,0,0
2025-01-29 06:00:00,22.2,Rainy,0.0,1.91,0.29,23.0,6.18,1.0,Normal,6,0,0
2025-01-29 07:00:00,26.02,Sunny,2.0,2.73,0.19,25.0,6.58,1.0,Normal,7,0,0
2025-01-29 08:00:00,20.27,Sunny,3.0,1.91,0.24,23.0,6.75,1.0,Normal,8,0,0
2025-01-29 09:00:00,24.68,Sunny,0.0,2.17,0.15,24.0,5.27,0.0,Normal,9,0,0
2025-01-29 10:00:00,22.41,Cloudy,2.0,1.53,0.23,23.0,4.45,0.0,Normal,10,0,0
2025-01-29 11:00:00,24.42,Cloudy,1.0,1.45,0.1,23.0,5.22,0.0,High Usage,11,0,0
2025-01-29 12:00:00,25.42,Sunny,2.0,1.41,0.24,23.0,4.15,0.0,Normal,12,0,0
2025-01-29 13:00:00,23.23,Windy,0.0,1.55,0.15,23.0,3.44,0.0,Normal,13,0,0
2025-01-29 14:00:00,22.36,Rainy,2.0,1.28,0.24,23.0,5.92,0.0,High Usage,14,0,0
2025-01-29 15:00:00,23.06,Sunny,2.0,1.94,0.23,23.0,4.45,0.0,Normal,15,0,0
2025-01-29 16:00:00,26.88,Sunny,2.0,0.91,0.28,25.0,4.945,0.0,Normal,16,0,0
2025-01-29 17:00:00,22.67,Sunny,1.0,1.62,0.19,23.0,4.66,0.0,Normal,17,0,0
2025-01-29 18:00:00,23.45,Sunny,4.0,1.97,0.17,23.0,6.8,1.0,Normal,18,0,0
2025-01-29 19:00:00,26.36,Cloudy,4.0,2.22,0.07,25.0,7.49,1.0,High Usage,19,0,0
2025-01-29 20:00:00,23.9,Sunny,2.0,2.41,0.07,23.0,6.05,1.0,Normal,20,0,0
2025-01-29 21:00:00,24.53,Rainy,1.0,2.12,0.11,24.0,5.05,1.0,Normal,21,0,0
2025-01-29 22:00:00,23.37,Cloudy,1.0,2.26,0.6,22.0,4.97,1.0,Normal,22,0,0
2025-01-29 23:00:00,23.18,Rainy,0.0,1.99,0.46,22.0,4.01,0.0,Normal,23,0,0
2025-01-30 00:00:00,23.55,Windy,1.0,1.81,0.71,23.0,4.84,0.0,High Usage,0,1,0
2025-01-30 01:00:00,23.21,Sunny,1.0,0.93,0.53,22.0,3.67,0.0,Normal,1,1,0
2025-01-30 02:00:00,21.31,Cloudy,1.0,1.89,0.54,23.0,4.54,0.0,Normal,2,1,0
2025-01-30 03:00:00,22.42,Rainy,1.0,1.44,0.49,22.0,3.77,0.0,Normal,3,1,0
2025-01-30 04:00:00,21.88,Windy,1.0,2.05,0.29,21.0,3.84,0.0,Normal,4,1,0
2025-01-30 05:00:00,20.8,Sunny,0.0,1.62,0.29,21.0,4.89,0.0,Normal,5,1,0
2025-01-30 06:00:00,23.54,Cloudy,0.0,2.22,0.29,23.0,4.88,1.0,Normal,6,1,0
2025-01-30 07:00:00,25.6,Sunny,0.0,2.05,0.18,23.0,5.78,1.0,Normal,7,1,0
2025-01-30 08:00:00,20.49,Rainy,4.0,1.91,0.18,24.0,6.08,0.0,Normal,8,1,0
2025-01-30 09:00:00,23.69,Sunny,2.0,2.99,0.29,24.0,4.945,0.0,Normal,9,1,0
2025-01-30 10:00:00,21.43,Cloudy,1.0,1.49,0.18,22.0,3.87,0.0,Normal,10,1,0
2025-01-30 11:00:00,25.36,Windy,1.0,1.96,0.19,24.0,4.33,0.0,Normal,11,1,0
2025-01-30 12:00:00,21.43,Cloudy,2.0,1.74,0.33,23.0,5.06,0.0,Normal,12,1,0
2025-01-30 13:00:00,23.38,Sunny,0.0,2.14,0.31,24.0,3.46,0.0,Normal,13,1,0
2025-01-30 14:00:00,23.41,Cloudy,0.0,1.57,0.29,24.0,3.74,0.0,Normal,14,1,0
2025-01-30 15:00:00,25.98,Cloudy,1.0,2.19,0.21,24.0,5.3,0.0,High Usage,15,1,0
2025-01-30 16:00:00,23.23,Cloudy,2.0,1.77,0.21,23.0,5.71,0.0,High Usage,16,1,0
2025-01-30 17:00:00,24.5,Sunny,1.0,2.17,0.08,23.0,4.73,0.0,Normal,17,1,0
2025-01-30 18:00:00,26.31,Rainy,4.0,2.31,0.22,25.0,7.1,0.0,High Usage,18,1,0
2025-01-30 19:00:00,23.87,Cloudy,3.0,1.78,0.21,23.0,5.81,1.0,Normal,19,1,0
2025-01-30 20:00:00,24.21,Sunny,4.0,2.67,0.16,24.0,4.945,1.0,Normal,20,1,0
2025-01-30 21:00:00,24.27,Cloudy,2.0,2.1,0.3,23.0,4.945,1.0,Normal,21,1,0
2025-01-30 22:00:00,23.82,Sunny,1.0,1.91,0.78,23.0,5.63,1.0,Normal,22,1,0
2025-01-30 23:00:00,24.15,Sunny,0.0,1.12,0.45,23.0,3.36,0.0,Normal,23,1,0
2025-01-31 00:00:00,21.16,Cloudy,0.0,1.91,0.62,22.0,4.945,0.0,Normal,0,2,0
2025-01-31 01:00:00,21.06,Rainy,0.0,1.57,0.72,21.0,4.86,0.0,Normal,1,2,0
2025-01-31 02:00:00,23.02,Rainy,0.0,1.43,0.29,22.0,4.75,0.0,Normal,2,2,0
2025-01-31 03:00:00,23.01,Sunny,0.0,2.18,0.56,22.0,4.69,0.0,Normal,3,2,0
2025-01-31 04:00:00,22.97,Cloudy,0.0,1.8,0.72,22.0,3.91,0.0,Normal,4,2,0
2025-01-31 05:00:00,21.98,Cloudy,1.0,2.5,0.63,21.0,5.81,0.0,High Usage,5,2,0
2025-01-31 06:00:00,20.28,Sunny,0.0,2.42,0.63,21.0,4.75,1.0,Normal,6,2,0
2025-01-31 07:00:00,25.14,Windy,4.0,2.24,0.18,26.0,6.55,0.0,Normal,7,2,0
2025-01-31 08:00:00,25.84,Sunny,2.0,2.59,0.25,24.0,6.22,1.0,Normal,8,2,0
2025-01-31 09:00:00,25.8,Sunny,2.0,2.49,0.17,25.0,6.69,1.0,Normal,9,2,0
2025-01-31 10:00:00,23.05,Cloudy,0.0,1.26,0.21,23.0,4.22,0.0,Normal,10,2,0
2025-01-31 11:00:00,22.36,Cloudy,0.0,2.02,0.27,22.0,2.81,0.0,Normal,11,2,0
2025-01-31 12:00:00,20.99,Sunny,1.0,1.37,0.32,23.0,3.9,0.0,Normal,12,2,0
2025-01-31 13:00:00,22.39,Sunny,3.0,0.88,0.12,24.0,4.88,0.0,Normal,13,2,0
2025-01-31 14:00:00,24.74,Cloudy,1.0,1.61,0.29,23.0,4.03,0.0,Normal,14,2,0
2025-01-31 15:00:00,19.38,Rainy,0.0,1.44,0.21,24.0,3.03,0.0,Normal,15,2,0
2025-01-31 16:00:00,23.01,Cloudy,0.0,1.59,0.28,24.0,4.945,0.0,Normal,16,2,0
2025-01-31 17:00:00,23.94,Sunny,0.0,1.91,0.17,23.0,4.31,0.0,Normal,17,2,0
2025-01-31 18:00:00,25.41,Sunny,1.0,2.62,0.13,24.0,5.55,1.0,Normal,18,2,0
2025-01-31 19:00:00,25.87,Cloudy,1.0,1.69,0.29,25.0,6.05,1.0,Normal,19,2,0
2025-01-31 20:00:00,21.74,Rainy,3.0,1.7,0.27,23.0,6.15,1.0,Normal,20,2,0
2025-01-31 21:00:00,24.21,Cloudy,0.0,2.33,0.18,24.0,4.7,1.0,Normal,21,2,0
2025-01-31 22:00:00,22.05,Cloudy,0.0,1.96,0.61,22.0,4.53,1.0,Normal,22,2,0
2025-01-31 23:00:00,23.15,Cloudy,1.0,2.15,0.29,20.0,4.48,0.0,Normal,23,2,0
2025-02-01 00:00:00,19.38,Rainy,0.0,1.93,0.37,21.0,3.52,0.0,Normal,0,3,0
2025-02-01 01:00:00,22.88,Cloudy,0.0,1.5,0.9,22.0,4.44,0.0,Normal,1,3,0
2025-02-01 02:00:00,19.91,Rainy,1.0,1.9,0.4,21.0,4.37,0.0,Normal,2,3,0
2025-02-01 03:00:00,21.65,Windy,1.0,1.79,0.8,23.0,4.36,0.0,Normal,3,3,0
2025-02-01 04:00:00,22.7,Rainy,0.0,1.91,0.29,23.0,3.71,0.0,Normal,4,3,0
2025-02-01 05:00:00,21.63,Rainy,1.0,1.92,0.46,23.0,4.18,0.0,Normal,5,3,0
2025-02-01 06:00:00,24.2,Sunny,1.0,2.23,0.52,23.0,5.49,1.0,Normal,6,3,0
2025-02-01 07:00:00,27.44,Sunny,2.0,1.78,0.14,26.0,6.09,1.0,Normal,7,3,0
2025-02-01 08:00:00,23.35,Sunny,3.0,2.96,0.23,23.0,5.41,1.0,Normal,8,3,0
2025-02-01 09:00:00,25.65,Cloudy,4.0,2.01,0.13,24.0,6.55,1.0,Normal,9,3,0
2025-02-01 10:00:00,23.87,Sunny,0.0,2.13,0.12,22.0,4.11,0.0,Normal,10,3,0
2025-02-01 11:00:00,22.95,Rainy,1.0,1.91,0.28,23.0,4.35,0.0,Normal,11,3,0
2025-02-01 12:00:00,23.5,Sunny,2.0,1.97,0.29,24.0,5.06,0.0,Normal,12,3,0
2025-02-01 13:00:00,22.86,Rainy,2.0,1.8,0.06,23.0,5.42,0.0,High Usage,13,3,0
2025-02-01 14:00:00,23.71,Cloudy,0.0,1.57,0.11,25.0,4.89,0.0,Normal,14,3,0
2025-02-01 15:00:00,23.87,Rainy,2.0,1.51,0.19,24.0,5.33,0.0,High Usage,15,3,0
2025-02-01 16:00:00,23.55,Sunny,1.0,2.12,0.26,23.0,4.32,0.0,Normal,16,3,0
2025-02-01 17:00:00,22.19,Cloudy,1.0,1.78,0.07,23.0,4.2,0.0,Normal,17,3,0
2025-02-01 18:00:00,27.37,Cloudy,3.0,2.08,0.18,25.0,6.92,1.0,Normal,18,3,0
2025-02-01 19:00:00,25.73,Windy,1.0,1.7,0.25,25.0,4.7,1.0,Normal,19,3,0
2025-02-01 20:00:00,24.35,Rainy,2.0,2.77,0.18,24.0,7.57,1.0,High Usage,20,3,0
2025-02-01 21:00:00,24.85,Cloudy,1.0,1.44,0.34,24.0,5.11,0.0,Normal,21,3,0
2025-02-01 22:00:00,21.36,Sunny,1.0,1.92,0.49,21.0,5.12,1.0,Normal,22,3,0
2025-02-01 23:00:00,18.63,Rainy,2.0,2.05,0.35,20.0,6.73,0.0,High Usage,23,3,0
2025-02-02 00:00:00,24.0,Sunny,0.0,1.63,0.51,23.0,4.5,0.0,Normal,0,4,0
2025-02-02 01:00:00,21.29,Cloudy,0.0,2.22,0.43,24.0,4.35,0.0,Normal,1,4,0
2025-02-02 02:00:00,22.66,Windy,2.0,1.51,0.48,21.0,4.53,0.0,Normal,2,4,0
2025-02-02 03:00:00,24.33,Sunny,1.0,1.29,0.88,22.0,4.84,0.0,Normal,3,4,0
2025-02-02 04:00:00,23.06,Sunny,0.0,2.19,0.46,22.0,5.02,0.0,High Usage,4,4,0
2025-02-02 05:00:00,21.52,Rainy,2.0,2.05,0.36,22.0,4.99,0.0,High Usage,5,4,0
2025-02-02 06:00:00,20.21,Rainy,0.0,1.76,0.46,22.0,5.27,1.0,Normal,6,4,0
2025-02-02 07:00:00,27.04,Sunny,2.0,2.18,0.29,25.0,7.8,1.0,High Usage,7,4,0
2025-02-02 08:00:00,24.51,Sunny,4.0,2.32,0.3,25.0,6.38,0.0,Normal,8,4,0
2025-02-02 09:00:00,23.93,Sunny,1.0,2.14,0.22,24.0,4.945,1.0,Normal,9,4,0
2025-02-02 10:00:00,23.06,Windy,0.0,1.94,0.24,23.0,4.45,0.0,Normal,10,4,0
2025-02-02 11:00:00,24.75,Rainy,3.0,2.51,0.07,23.0,5.47,0.0,High Usage,11,4,0
2025-02-02 12:00:00,22.61,Rainy,0.0,2.15,0.08,24.0,4.49,0.0,Normal,12,4,0
2025-02-02 13:00:00,24.4,Cloudy,1.0,1.91,0.07,24.0,3.91,0.0,Normal,13,4,0
2025-02-02 14:00:00,25.4,Sunny,3.0,1.7,0.1,24.0,5.45,0.0,Normal,14,4,0
2025-02-02 15:00:00,27.42,Sunny,4.0,1.97,0.12,24.0,5.14,0.0,Normal,15,4,0
2025-02-02 16:00:00,22.74,Sunny,2.0,1.87,0.21,23.0,5.62,0.0,High Usage,16,4,0
2025-02-02 17:00:00,24.38,Rainy,1.0,1.58,0.3,22.0,5.34,0.0,High Usage,17,4,0
2025-02-02 18:00:00,23.75,Windy,2.0,2.43,0.28,25.0,6.7,1.0,Normal,18,4,0
2025-02-02 19:00:00,21.32,Rainy,1.0,2.53,0.14,23.0,5.76,1.0,Normal,19,4,0
2025-02-02 20:00:00,24.98,Sunny,2.0,2.08,0.34,24.0,4.91,1.0,Normal,20,4,0
2025-02-02 21:00:00,26.42,Sunny,4.0,2.16,0.35,26.0,7.72,1.0,High Usage,21,4,0
2025-02-02 22:00:00,24.46,Sunny,1.0,1.88,0.46,24.0,5.48,1.0,Normal,22,4,0
2025-02-02 23:00:00,24.8,Sunny,0.0,1.26,0.35,23.0,2.79,0.0,Normal,23,4,0
2025-02-03 00:00:00,25.36,Cloudy,0.0,1.21,0.66,24.0,3.19,0.0,Normal,0,5,1
2025-02-03 01:00:00,22.49,Cloudy,0.0,1.84,0.51,21.0,4.47,0.0,Normal,1,5,1
2025-02-03 02:00:00,23.55,Sunny,3.0,1.29,0.88,22.0,4.08,0.0,Normal,2,5,1
2025-02-03 03:00:00,20.88,Sunny,0.0,2.25,0.65,21.0,3.45,0.0,Normal,3,5,1
2025-02-03 04:00:00,22.96,Cloudy,0.0,1.24,0.29,22.0,2.8,0.0,Normal,4,5,1
2025-02-03 05:00:00,22.23,Sunny,1.0,1.98,0.51,22.0,4.58,0.0,Normal,5,5,1
2025-02-03 06:00:00,22.19,Sunny,0.0,2.14,0.43,23.0,5.43,1.0,Normal,6,5,1
2025-02-03 07:00:00,26.24,Sunny,0.0,2.57,0.21,25.0,5.98,1.0,Normal,7,5,1
2025-02-03 08:00:00,23.71,Sunny,2.0,2.23,0.13,23.0,6.68,0.0,Normal,8,5,1
2025-02-03 09:00:00,24.55,Cloudy,1.0,1.91,0.33,24.0,5.82,1.0,Normal,9,5,1
2025-02-03 10:00:00,23.52,Sunny,1.0,1.89,0.25,23.0,5.04,0.0,High Usage,10,5,1
2025-02-03 11:00:00,25.22,Rainy,1.0,1.91,0.19,25.0,4.77,0.0,Normal,11,5,1
2025-02-03 12:00:00,25.32,Rainy,0.0,1.84,0.22,25.0,4.32,0.0,Normal,12,5,1
2025-02-03 13:00:00,23.61,Cloudy,1.0,1.84,0.26,22.0,5.16,0.0,Normal,13,5,1
2025-02-03 14:00:00,23.09,Sunny,1.0,1.7,0.35,23.0,4.41,0.0,Normal,14,5,1
2025-02-03 15:00:00,22.45,Windy,2.0,1.91,0.34,22.0,4.28,0.0,Normal,15,5,1
2025-02-03 16:00:00,23.85,Sunny,3.0,1.34,0.1,23.0,4.02,0.0,Normal,16,5,1
2025-02-03 17:00:00,24.96,Cloudy,2.0,2.06,0.08,23.0,4.93,0.0,Normal,17,5,1
2025-02-03 18:00:00,23.5,Cloudy,1.0,2.46,0.25,25.0,5.01,1.0,Normal,18,5,1
2025-02-03 19:00:00,24.04,Sunny,3.0,2.18,0.21,24.0,5.24,1.0,Normal,19,5,1
2025-02-03 20:00:00,19.3,Sunny,4.0,1.93,0.29,21.0,5.97,1.0,Normal,20,5,1
2025-02-03 21:00:00,26.41,Windy,2.0,1.91,0.35,25.0,5.78,1.0,Normal,21,5,1
2025-02-03 22:00:00,23.12,Sunny,0.0,2.27,0.87,23.0,5.19,1.0,Normal,22,5,1
2025-02-03 23:00:00,22.48,Cloudy,1.0,1.4,0.66,22.0,4.0,0.0,Normal,23,5,1
2025-02-04 00:00:00,24.55,Sunny,0.0,2.24,0.75,23.0,4.945,0.0,Normal,0,6,1
2025-02-04 01:00:00,21.84,Sunny,0.0,2.13,0.49,21.0,3.84,0.0,Normal,1,6,1
2025-02-04 02:00:00,18.55,Rainy,0.0,1.53,0.59,21.0,2.62,0.0,Normal,2,6,1
2025-02-04 03:00:00,22.88,Sunny,0.0,1.66,0.47,21.0,3.92,0.0,Normal,3,6,1
2025-02-04 04:00:00,22.31,Sunny,2.0,1.89,0.49,22.0,5.57,0.0,High Usage,4,6,1
2025-02-04 05:00:00,25.1,Sunny,0.0,1.91,0.53,23.0,4.02,0.0,Normal,5,6,1
2025-02-04 06:00:00,19.37,Rainy,0.0,1.56,0.51,23.0,5.25,1.0,Normal,6,6,1
2025-02-04 07:00:00,22.2,Windy,2.0,2.41,0.29,23.0,6.85,1.0,High Usage,7,6,1
2025-02-04 08:00:00,27.2,Sunny,2.0,2.54,0.23,26.0,6.29,1.0,Normal,8,6,1
2025-02-04 09:00:00,24.61,Cloudy,4.0,1.54,0.35,24.0,6.27,1.0,Normal,9,6,1
2025-02-04 10:00:00,22.81,Sunny,1.0,1.86,0.35,24.0,4.945,0.0,Normal,10,6,1
2025-02-04 11:00:00,26.66,Cloudy,0.0,1.94,0.33,24.0,4.65,0.0,Normal,11,6,1
2025-02-04 12:00:00,23.55,Sunny,2.0,1.6,0.06,24.0,3.97,0.0,Normal,12,6,1
2025-02-04 13:00:00,23.04,Rainy,1.0,1.67,0.19,23.0,3.19,0.0,Normal,13,6,1
2025-02-04 14:00:00,23.62,Sunny,1.0,1.89,0.35,23.0,3.66,0.0,Normal,14,6,1
2025-02-04 15:00:00,21.14,Windy,2.0,2.26,0.08,23.0,5.69,0.0,High Usage,15,6,1
2025-02-04 16:00:00,23.75,Sunny,2.0,1.44,0.28,23.0,4.28,0.0,Normal,16,6,1
2025-02-04 17:00:00,24.2,Sunny,2.0,1.45,0.35,24.0,5.05,0.0,Normal,17,6,1
2025-02-04 18:00:00,25.35,Cloudy,1.0,2.32,0.08,23.0,5.57,1.0,Normal,18,6,1
2025-02-04 19:00:00,24.31,Sunny,1.0,1.57,0.1,25.0,4.99,1.0,Normal,19,6,1
2025-02-04 20:00:00,24.76,Sunny,4.0,2.24,0.16,25.0,6.31,1.0,Normal,20,6,1
2025-02-04 21:00:00,24.99,Sunny,2.0,1.89,0.09,25.0,5.88,1.0,Normal,21,6,1
2025-02-04 22:00:00,21.37,Windy,0.0,1.8,0.54,22.0,4.55,1.0,Normal,22,6,1
2025-02-04 23:00:00,23.44,Cloudy,0.0,1.77,0.47,23.0,4.39,0.0,Normal,23,6,1
2025-02-05 00:00:00,18.83,Rainy,0.0,2.0,0.49,20.0,4.64,0.0,Normal,0,0,0
2025-02-05 01:00:00,21.48,Cloudy,0.0,1.24,0.66,23.0,4.945,0.0,Normal,1,0,0
2025-02-05 02:00:00,23.26,Cloudy,0.0,1.05,0.6,23.0,3.02,0.0,Normal,2,0,0
2025-02-05 03:00:00,21.31,Cloudy,1.0,1.94,0.8,22.0,4.945,0.0,Normal,3,0,0
2025-02-05 04:00:00,20.1,Windy,1.0,2.24,0.62,22.0,5.17,0.0,High Usage,4,0,0
2025-02-05 05:00:00,22.22,Cloudy,0.0,1.74,0.58,22.0,4.28,0.0,Normal,5,0,0
2025-02-05 06:00:00,21.27,Sunny,0.0,2.26,0.29,22.0,5.22,1.0,Normal,6,0,0
2025-02-05 07:00:00,27.31,Sunny,2.0,1.91,0.23,26.0,6.64,1.0,Normal,7,0,0
2025-02-05 08:00:00,23.97,Sunny,3.0,2.84,0.16,24.0,7.16,1.0,High Usage,8,0,0
2025-02-05 09:00:00,25.15,Cloudy,2.0,1.91,0.06,25.0,5.89,1.0,Normal,9,0,0
2025-02-05 10:00:00,23.91,Sunny,1.0,1.26,0.27,24.0,4.82,0.0,Normal,10,0,0
2025-02-05 11:00:00,21.17,Rainy,1.0,2.31,0.29,21.0,5.11,0.0,High Usage,11,0,0
2025-02-05 12:00:00,23.23,Rainy,2.0,1.82,0.23,24.0,3.71,0.0,Normal,12,0,0
2025-02-05 13:00:00,22.94,Sunny,2.0,1.98,0.22,24.0,5.83,0.0,High Usage,13,0,0
2025-02-05 14:00:00,23.92,Windy,3.0,1.43,0.23,24.0,4.13,0.0,Normal,14,0,0
2025-02-05 15:00:00,24.24,Cloudy,1.0,1.91,0.2,24.0,5.3,0.0,High Usage,15,0,0
2025-02-05 16:00:00,26.97,Cloudy,4.0,1.93,0.35,24.0,5.76,0.0,High Usage,16,0,0
2025-02-05 17:00:00,22.61,Sunny,1.0,1.76,0.29,23.0,4.71,0.0,Normal,17,0,0
2025-02-05 18:00:00,21.44,Cloudy,1.0,2.25,0.35,22.0,4.9,1.0,Normal,18,0,0
2025-02-05 19:00:00,23.62,Rainy,3.0,1.97,0.27,24.0,6.05,1.0,Normal,19,0,0
2025-02-05 20:00:00,25.71,Cloudy,2.0,1.54,0.34,25.0,7.09,1.0,High Usage,20,0,0
2025-02-05 21:00:00,22.94,Windy,4.0,2.8,0.16,24.0,7.78,1.0,High Usage,21,0,0
2025-02-05 22:00:00,21.42,Cloudy,1.0,2.49,0.7,23.0,5.62,1.0,Normal,22,0,0
2025-02-05 23:00:00,22.19,Rainy,0.0,1.49,0.61,23.0,4.09,0.0,Normal,23,0,0
2025-02-06 00:00:00,22.35,Sunny,2.0,1.64,0.69,22.0,4.46,0.0,Normal,0,1,0
2025-02-06 01:00:00,23.55,Cloudy,1.0,1.76,0.65,23.0,4.83,0.0,Normal,1,1,0
2025-02-06 02:00:00,19.95,Cloudy,1.0,1.28,0.78,21.0,3.59,0.0,Normal,2,1,0
2025-02-06 03:00:00,20.34,Sunny,2.0,1.2,0.71,20.0,4.76,0.0,Normal,3,1,0
2025-02-06 04:00:00,25.37,Rainy,0.0,1.33,0.83,24.0,3.34,0.0,Normal,4,1,0
2025-02-06 05:00:00,22.88,Cloudy,0.0,2.07,0.54,22.0,3.96,0.0,Normal,5,1,0
2025-02-06 06:00:00,23.46,Sunny,2.0,2.5,0.62,22.0,6.72,1.0,Normal,6,1,0
2025-02-06 07:00:00,27.61,Cloudy,2.0,2.28,0.29,25.0,6.25,1.0,Normal,7,1,0
2025-02-06 08:00:00,21.75,Cloudy,2.0,2.3,0.12,23.0,5.76,1.0,Normal,8,1,0
2025-02-06 09:00:00,26.62,Sunny,2.0,1.65,0.22,25.0,5.38,1.0,Normal,9,1,0
2025-02-06 10:00:00,24.25,Sunny,0.0,2.12,0.23,23.0,4.48,0.0,Normal,10,1,0
2025-02-06 11:00:00,23.37,Sunny,0.0,1.4,0.32,23.0,3.15,0.0,Normal,11,1,0
2025-02-06 12:00:00,21.85,Cloudy,1.0,1.55,0.08,23.0,4.99,0.0,Normal,12,1,0
2025-02-06 13:00:00,20.98,Sunny,4.0,2.12,0.13,22.0,6.33,0.0,High Usage,13,1,0
2025-02-06 14:00:00,19.65,Sunny,3.0,2.03,0.21,22.0,6.8,0.0,High Usage,14,1,0
2025-02-06 15:00:00,22.78,Rainy,1.0,1.42,0.25,23.0,3.86,0.0,Normal,15,1,0
2025-02-06 16:00:00,23.73,Rainy,0.0,1.91,0.07,23.0,4.0,0.0,Normal,16,1,0
2025-02-06 17:00:00,24.39,Cloudy,4.0,2.08,0.09,24.0,6.33,0.0,High Usage,17,1,0
2025-02-06 18:00:00,24.86,Sunny,2.0,1.75,0.31,24.0,4.84,1.0,Normal,18,1,0
2025-02-06 19:00:00,26.35,Cloudy,2.0,2.73,0.09,25.0,6.83,1.0,High Usage,19,1,0
2025-02-06 20:00:00,22.34,Cloudy,4.0,1.96,0.1,23.0,6.76,1.0,Normal,20,1,0
2025-02-06 21:00:00,25.28,Cloudy,1.0,1.74,0.12,25.0,5.26,1.0,Normal,21,1,0
2025-02-06 22:00:00,24.13,Rainy,1.0,1.96,0.7,23.0,5.89,1.0,Normal,22,1,0
2025-02-06 23:00:00,24.81,Sunny,0.0,1.53,0.71,23.0,3.62,0.0,Normal,23,1,0
2025-02-07 00:00:00,24.39,Sunny,1.0,2.31,0.43,24.0,4.88,0.0,High Usage,0,2,0
2025-02-07 01:00:00,21.18,Cloudy,2.0,1.7,0.37,23.0,4.97,0.0,High Usage,1,2,0
2025-02-07 02:00:00,25.19,Cloudy,1.0,1.63,0.86,24.0,4.76,0.0,Normal,2,2,0
2025-02-07 03:00:00,21.29,Cloudy,1.0,1.45,0.81,22.0,4.67,0.0,Normal,3,2,0
2025-02-07 04:00:00,25.12,Sunny,0.0,1.81,0.81,23.0,4.25,0.0,Normal,4,2,0
2025-02-07 05:00:00,24.47,Sunny,1.0,1.86,0.67,23.0,4.46,0.0,Normal,5,2,0
2025-02-07 06:00:00,23.62,Sunny,0.0,1.81,0.77,22.0,4.51,1.0,Normal,6,2,0
2025-02-07 07:00:00,24.62,Sunny,1.0,2.37,0.1,24.0,6.47,0.0,Normal,7,2,0
2025-02-07 08:00:00,25.72,Sunny,0.0,2.06,0.25,24.0,5.87,1.0,Normal,8,2,0
2025-02-07 09:00:00,23.23,Rainy,3.0,2.24,0.07,24.0,5.29,0.0,Normal,9,2,0
2025-02-07 10:00:00,24.95,Sunny,0.0,1.9,0.14,23.0,3.36,0.0,Normal,10,2,0
2025-02-07 11:00:00,24.71,Sunny,2.0,1.47,0.19,23.0,3.83,0.0,Normal,11,2,0
2025-02-07 12:00:00,24.24,Rainy,1.0,2.46,0.15,25.0,5.34,0.0,High Usage,12,2,0
2025-02-07 13:00:00,23.83,Sunny,3.0,2.45,0.31,23.0,7.37,0.0,High Usage,13,2,0
2025-02-07 14:00:00,24.36,Sunny,3.0,2.39,0.19,24.0,6.59,0.0,High Usage,14,2,0
2025-02-07 15:00:00,22.45,Sunny,3.0,1.1,0.23,22.0,3.79,0.0,Normal,15,2,0
2025-02-07 16:00:00,21.65,Windy,0.0,2.48,0.33,23.0,4.33,0.0,Normal,16,2,0
2025-02-07 17:00:00,23.02,Sunny,1.0,2.39,0.32,25.0,5.27,0.0,High Usage,17,2,0
2025-02-07 18:00:00,23.55,Cloudy,4.0,2.02,0.12,24.0,7.34,1.0,High Usage,18,2,0
2025-02-07 19:00:00,24.17,Windy,2.0,2.28,0.14,24.0,4.9,1.0,Normal,19,2,0
2025-02-07 20:00:00,23.56,Sunny,2.0,2.75,0.21,24.0,6.63,1.0,Normal,20,2,0
2025-02-07 21:00:00,21.81,Rainy,2.0,2.07,0.29,23.0,4.93,1.0,Normal,21,2,0
2025-02-07 22:00:00,23.22,Sunny,0.0,2.17,0.56,22.0,4.94,1.0,Normal,22,2,0
2025-02-07 23:00:00,19.88,Cloudy,1.0,1.36,0.65,22.0,4.12,0.0,Normal,23,2,0
2025-02-08 00:00:00,22.32,Cloudy,1.0,1.28,0.68,22.0,4.49,0.0,Normal,0,3,0
2025-02-08 01:00:00,22.64,Cloudy,0.0,1.45,0.57,21.0,4.5,0.0,Normal,1,3,0
2025-02-08 02:00:00,21.76,Rainy,1.0,2.55,0.82,23.0,5.0,0.0,High Usage,2,3,0
2025-02-08 03:00:00,24.84,Cloudy,1.0,1.79,0.77,22.0,5.36,0.0,Normal,3,3,0
2025-02-08 04:00:00,22.35,Rainy,0.0,1.53,0.84,22.0,4.84,0.0,Normal,4,3,0
2025-02-08 05:00:00,23.55,Rainy,1.0,1.2,0.85,22.0,3.97,0.0,Normal,5,3,0
2025-02-08 06:00:00,22.8,Cloudy,0.0,1.91,0.81,23.0,6.0,1.0,Normal,6,3,0
2025-02-08 07:00:00,26.0,Cloudy,1.0,2.85,0.33,25.0,5.63,1.0,Normal,7,3,0
2025-02-08 08:00:00,23.55,Cloudy,1.0,2.88,0.18,26.0,5.65,1.0,Normal,8,3,0
2025-02-08 09:00:00,25.57,Sunny,1.0,1.93,0.13,25.0,5.91,1.0,Normal,9,3,0
2025-02-08 10:00:00,23.55,Cloudy,1.0,1.72,0.12,24.0,4.7,0.0,Normal,10,3,0
2025-02-08 11:00:00,23.57,Sunny,1.0,1.63,0.09,23.0,3.61,0.0,Normal,11,3,0
2025-02-08 12:00:00,23.7,Sunny,2.0,2.35,0.29,23.0,5.94,0.0,High Usage,12,3,0
2025-02-08 13:00:00,26.27,Sunny,2.0,1.72,0.29,24.0,5.25,0.0,Normal,13,3,0
2025-02-08 14:00:00,24.19,Sunny,0.0,1.85,0.17,23.0,4.73,0.0,Normal,14,3,0
2025-02-08 15:00:00,26.14,Sunny,0.0,1.66,0.32,25.0,4.54,0.0,Normal,15,3,0
2025-02-08 16:00:00,24.55,Windy,0.0,1.17,0.07,25.0,3.03,0.0,Normal,16,3,0
2025-02-08 17:00:00,23.76,Sunny,1.0,1.91,0.21,23.0,6.02,0.0,High Usage,17,3,0
2025-02-08 18:00:00,22.57,Sunny,4.0,2.17,0.06,24.0,5.74,1.0,Normal,18,3,0
2025-02-08 19:00:00,24.46,Sunny,1.0,2.52,0.21,24.0,6.63,1.0,Normal,19,3,0
2025-02-08 20:00:00,28.75,Sunny,4.0,2.37,0.29,27.0,7.59,1.0,High Usage,20,3,0
2025-02-08 21:00:00,24.87,Sunny,2.0,2.32,0.29,25.0,6.1,1.0,Normal,21,3,0
2025-02-08 22:00:00,22.05,Sunny,0.0,1.43,0.44,22.0,5.73,1.0,Normal,22,3,0
2025-02-08 23:00:00,20.47,Sunny,0.0,1.54,0.64,21.0,2.82,0.0,Normal,23,3,0
2025-02-09 00:00:00,23.78,Rainy,0.0,1.41,0.88,23.0,4.42,0.0,Normal,0,4,0
2025-02-09 01:00:00,25.06,Cloudy,2.0,1.42,0.41,22.0,4.73,0.0,Normal,1,4,0
2025-02-09 02:00:00,21.75,Sunny,0.0,2.43,0.48,22.0,3.76,0.0,Normal,2,4,0
2025-02-09 03:00:00,23.55,Sunny,0.0,1.96,0.62,22.0,2.74,0.0,Normal,3,4,0
2025-02-09 04:00:00,19.88,Cloudy,0.0,1.89,0.35,20.0,4.06,0.0,Normal,4,4,0
2025-02-09 05:00:00,21.94,Cloudy,1.0,1.6,0.54,21.0,2.68,0.0,Normal,5,4,0
2025-02-09 06:00:00,22.29,Rainy,0.0,1.81,0.49,24.0,5.29,1.0,Normal,6,4,0
2025-02-09 07:00:00,22.45,Sunny,1.0,2.42,0.13,23.0,6.05,1.0,Normal,7,4,0
2025-02-09 08:00:00,24.66,Sunny,3.0,1.84,0.08,24.0,6.59,1.0,Normal,8,4,0
2025-02-09 09:00:00,21.73,Rainy,1.0,1.75,0.1,24.0,6.22,1.0,Normal,9,4,0
2025-02-09 10:00:00,25.57,Sunny,0.0,2.3,0.08,24.0,5.24,0.0,High Usage,10,4,0
2025-02-09 11:00:00,25.71,Cloudy,0.0,1.6,0.18,24.0,3.87,0.0,Normal,11,4,0
2025-02-09 12:00:00,22.0,Cloudy,1.0,1.57,0.16,24.0,4.73,0.0,Normal,12,4,0
2025-02-09 13:00:00,26.27,Sunny,1.0,1.72,0.15,24.0,6.06,0.0,High Usage,13,4,0
2025-02-09 14:00:00,23.45,Sunny,0.0,2.41,0.32,23.0,4.08,0.0,Normal,14,4,0
2025-02-09 15:00:00,25.82,Sunny,2.0,2.01,0.29,24.0,3.78,0.0,Normal,15,4,0
2025-02-09 16:00:00,22.47,Rainy,1.0,1.73,0.18,23.0,5.54,0.0,Normal,16,4,0
2025-02-09 17:00:00,24.46,Cloudy,0.0,1.69,0.13,24.0,3.87,0.0,Normal,17,4,0
2025-02-09 18:00:00,23.46,Windy,4.0,2.34,0.08,24.0,7.04,1.0,High Usage,18,4,0
2025-02-09 19:00:00,24.02,Sunny,2.0,2.32,0.34,24.0,6.25,1.0,Normal,19,4,0
2025-02-09 20:00:00,26.26,Sunny,2.0,2.24,0.27,25.0,6.98,1.0,Normal,20,4,0
2025-02-09 21:00:00,24.63,Sunny,1.0,1.73,0.3,24.0,6.34,1.0,Normal,21,4,0
2025-02-09 22:00:00,23.17,Sunny,0.0,2.76,0.56,23.0,5.29,1.0,Normal,22,4,0
2025-02-09 23:00:00,22.62,Cloudy,1.0,1.48,0.68,22.0,3.86,0.0,Normal,23,4,0
2025-02-10 00:00:00,23.17,Sunny,1.0,1.66,0.73,22.0,4.43,0.0,Normal,0,5,1
2025-02-10 01:00:00,21.15,Rainy,0.0,1.59,0.85,22.0,4.28,0.0,Normal,1,5,1
2025-02-10 02:00:00,23.55,Sunny,1.0,2.13,0.57,23.0,5.12,0.0,High Usage,2,5,1
2025-02-10 03:00:00,23.85,Sunny,0.0,2.04,0.52,22.0,3.87,0.0,Normal,3,5,1
2025-02-10 04:00:00,24.01,Cloudy,1.0,1.35,0.85,24.0,4.52,0.0,Normal,4,5,1
2025-02-10 05:00:00,21.6,Sunny,0.0,1.56,0.29,23.0,3.58,0.0,Normal,5,5,1
2025-02-10 06:00:00,23.74,Cloudy,1.0,1.95,0.85,23.0,5.39,1.0,Normal,6,5,1
2025-02-10 07:00:00,25.83,Sunny,2.0,2.4,0.21,26.0,5.85,1.0,Normal,7,5,1
2025-02-10 08:00:00,25.21,Cloudy,2.0,2.47,0.32,25.0,5.97,1.0,Normal,8,5,1
2025-02-10 09:00:00,23.55,Sunny,3.0,2.02,0.27,23.0,6.35,1.0,Normal,9,5,1
2025-02-10 10:00:00,25.2,Cloudy,2.0,2.33,0.31,23.0,4.33,0.0,Normal,10,5,1
2025-02-10 11:00:00,25.52,Cloudy,1.0,1.91,0.09,24.0,4.85,0.0,Normal,11,5,1
2025-02-10 12:00:00,23.57,Sunny,0.0,1.89,0.16,22.0,4.72,0.0,Normal,12,5,1
2025-02-10 13:00:00,26.06,Cloudy,2.0,1.45,0.19,23.0,4.32,0.0,Normal,13,5,1
2025-02-10 14:00:00,23.47,Cloudy,4.0,2.13,0.19,24.0,6.84,0.0,High Usage,14,5,1
2025-02-10 15:00:00,24.03,Sunny,4.0,2.26,0.09,24.0,6.08,0.0,High Usage,15,5,1
2025-02-10 16:00:00,24.27,Cloudy,0.0,1.6,0.25,23.0,4.53,0.0,Normal,16,5,1
2025-02-10 17:00:00,22.56,Sunny,0.0,2.36,0.35,22.0,3.96,0.0,Normal,17,5,1
2025-02-10 18:00:00,26.53,Sunny,0.0,1.93,0.09,26.0,5.39,1.0,Normal,18,5,1
2025-02-10 19:00:00,23.55,Rainy,3.0,2.27,0.21,23.0,6.65,1.0,High Usage,19,5,1
2025-02-10 20:00:00,24.68,Sunny,2.0,2.31,0.3,24.0,6.08,1.0,Normal,20,5,1
2025-02-10 21:00:00,23.72,Cloudy,4.0,2.17,0.25,23.0,7.59,1.0,High Usage,21,5,1
2025-02-10 22:00:00,24.21,Sunny,0.0,2.32,0.48,22.0,5.24,1.0,Normal,22,5,1
2025-02-10 23:00:00,22.04,Sunny,1.0,1.34,0.82,22.0,4.05,0.0,Normal,23,5,1
2025-02-11 00:00:00,22.91,Cloudy,0.0,1.79,0.29,23.0,4.04,0.0,Normal,0,6,1
2025-02-11 01:00:00,22.9,Sunny,0.0,1.33,0.64,22.0,3.48,0.0,Normal,1,6,1
2025-02-11 02:00:00,23.01,Sunny,0.0,1.38,0.78,23.0,3.09,0.0,Normal,2,6,1
2025-02-11 03:00:00,24.62,Sunny,2.0,1.7,0.42,22.0,5.39,0.0,High Usage,3,6,1
2025-02-11 04:00:00,20.97,Windy,1.0,1.63,0.44,22.0,4.42,0.0,Normal,4,6,1
2025-02-11 05:00:00,23.5,Sunny,1.0,1.43,0.49,22.0,4.13,0.0,Normal,5,6,1
2025-02-11 06:00:00,21.71,Cloudy,1.0,2.81,0.38,23.0,4.87,1.0,Normal,6,6,1
2025-02-11 07:00:00,27.14,Sunny,0.0,1.88,0.15,25.0,6.34,1.0,Normal,7,6,1
2025-02-11 08:00:00,26.28,Cloudy,1.0,1.95,0.12,26.0,6.08,1.0,Normal,8,6,1
2025-02-11 09:00:00,24.62,Sunny,0.0,2.36,0.33,24.0,4.85,1.0,Normal,9,6,1
2025-02-11 10:00:00,21.87,Cloudy,1.0,2.06,0.07,23.0,4.17,0.0,Normal,10,6,1
2025-02-11 11:00:00,24.89,Sunny,2.0,1.53,0.14,22.0,4.97,0.0,High Usage,11,6,1
2025-02-11 12:00:00,22.36,Cloudy,0.0,1.8,0.27,23.0,3.4,0.0,Normal,12,6,1
2025-02-11 13:00:00,23.02,Sunny,0.0,1.23,0.26,23.0,4.41,0.0,Normal,13,6,1
2025-02-11 14:00:00,22.68,Sunny,2.0,1.3,0.16,22.0,5.19,0.0,Normal,14,6,1
2025-02-11 15:00:00,25.52,Sunny,0.0,2.31,0.1,23.0,4.97,0.0,Normal,15,6,1
